TrackName,Artist,Genre,Number,DJ,Date
Miguel De Bois - ID,Miguel De Bois,,1.0,sim0ne,2024-10-27
Klubbheads - Hard House,Klubbheads,Hard Dance,2.0,sim0ne,2024-10-27
Rollercoaster - Damn!,Rollercoaster (NL),Hard Dance,3.0,sim0ne,2024-10-27
Trevor & Simon - Hands Up,Trevor & Simon,,4.0,sim0ne,2024-10-27
Bury2k - House Transmission,Bury2k,,5.0,sim0ne,2024-10-27
Club Caviar - Speed It Up (Dr. Bounce Remix),Club Caviar,House,6.0,sim0ne,2024-10-27
Tony De Vit - Don't Ever Stop (BK Remix),Tony De Vit,Techno,7.0,sim0ne,2024-10-27
sim0ne - Work It,sim0ne,Techno,8.0,sim0ne,2024-10-27
Q-Tex - The First Parable,Q-Tex,Techno,9.0,sim0ne,2024-10-27
Euphony - Bad Boy Bass,Euphony,,10.0,sim0ne,2024-10-27
Donk The System - Denis & Oh Boy,Donk The System,,11.0,sim0ne,2024-10-27
Lana Del Rey - Say Yes To Heaven (sim0ne & Melo Nada Remix),Lana Del Rey,Dance / Electro Pop,12.0,sim0ne,2024-10-27
Interactive - Forever Young,Interactive,Techno,13.0,sim0ne,2024-10-27
Jimmy J & Cru-L-T - Six Days (Slipmatt Remix),Jimmy J & Cru-L-T,,14.0,sim0ne,2024-10-27
Unresolved - Back Alive (Bloodlust Remix),Unresolved,Hard Dance,1.0,Lil Texas,2024-10-25
Darren Styles & TNT - Hard Beat,Darren Styles & TNT,Hard Dance,2.0,Lil Texas,2024-10-25
RAYZEN - Amsterdam,RAYZEN,,3.0,Lil Texas,2024-10-25
Lil Texas - ID,Lil Texas,,4.0,Lil Texas,2024-10-25
The Purge & KENAI - BALDRACCA,The Purge & KENAI,Hard Dance,5.0,Lil Texas,2024-10-25
Dutch Disorder - Heroine (Pat B Remix / TOZA Edit),Dutch Disorder,Hard Dance,6.0,Lil Texas,2024-10-25
Lil Texas - Why Can't You See,Lil Texas,,7.0,Lil Texas,2024-10-25
Anderex - Text To Speech,Anderex,,8.0,Lil Texas,2024-10-25
The Purge & TOZA - NEXT TO U,The Purge & TOZA,Hard Dance,9.0,Lil Texas,2024-10-25
Manji - Rage Power,Manji,Techno,10.0,Lil Texas,2024-10-25
Aversion & E-Force - Bring It On,Aversion & E-Force,Hard Dance,11.0,Lil Texas,2024-10-25
Kronos & Unresolved - XTC (Tomsku x Semperfusion Edit),Kronos & Unresolved,,12.0,Lil Texas,2024-10-25
OGUZ & Nyctonian - Golden Szn (Riot Shift Remix),OGUZ & Nyctonian,,13.0,Lil Texas,2024-10-25
Pharoahe Monch - Simon Says,Pharoahe Monch,,14.0,Lil Texas,2024-10-25
Aversion & Luminite - The Rapture (Illuszion Edit),Aversion & Luminite,,15.0,Lil Texas,2024-10-25
Infliction - Spectrum Of Spoontech,Infliction,Hard Dance,16.0,Lil Texas,2024-10-25
Lil Texas & Dr Donk - Don't Hold Back,Lil Texas & Dr Donk,,17.0,Lil Texas,2024-10-25
Noisia & The Upbeats - Dead Limit (Evil Activities Remix),Noisia & The Upbeats,Hard Dance,18.0,Lil Texas,2024-10-25
Nicki Minaj - Starships (Lil Texas Edit),Nicki Minaj,,19.0,Lil Texas,2024-10-25
Rooler - DISCOTEK (Crusherz Zaag Edit),Rooler,,20.0,Lil Texas,2024-10-25
Chaos Project - New Age Of Rave,Chaos Project,Hard Dance,21.0,Lil Texas,2024-10-25
Coone & KAMI - Till I Collapse,Coone & KAMI,Hard Dance,22.0,Lil Texas,2024-10-25
Cascada - Everytime We Touch (Lil Texas Edit),Cascada,,23.0,Lil Texas,2024-10-25
Aliyah's Interlude - IT GIRL (Noiseflow x HEINZA Edit),Aliyah's Interlude,,24.0,Lil Texas,2024-10-25
Angerfist - Pennywise (Deadly Guns Remix),Angerfist,Hard Dance,25.0,Lil Texas,2024-10-25
Lil Texas - Zombie Nation,Lil Texas,,26.0,Lil Texas,2024-10-25
Neophyte & Restrained - Generation Nightmare,Neophyte & Restrained,Hard Dance,27.0,Lil Texas,2024-10-25
DJ Gollum ft. Scarlet - All The Things She Said (Noiseflow & Triple X Remix),DJ Gollum,,28.0,Lil Texas,2024-10-25
Rebelion - Das Ist Kein Techno (Kienyooo x Tegula Edit),Rebelion,,29.0,Lil Texas,2024-10-25
Aftermath - The Game,Aftermath,Hard Dance,30.0,Lil Texas,2024-10-25
Lil Texas X Refox - Hear This,Lil Texas X Refox,Hard Dance,31.0,Lil Texas,2024-10-25
Captain Hollywood Project - Flying High (KENAI Bootleg),Captain Hollywood Project,,32.0,Lil Texas,2024-10-25
Dither - G.A.B.B.E.R.,Dither,Hard Dance,33.0,Lil Texas,2024-10-25
Detest & MBK - Death Squad,Detest & MBK,Hard Dance,34.0,Lil Texas,2024-10-25
Neophyte - Rockin' (Neophyte & Drokz Remix),Neophyte,Hard Dance,35.0,Lil Texas,2024-10-25
Malice & D-Sturb - Drop 'Em Down (SM7B CALL 'EM FOR A NEW DROP EDIT),Malice & D-Sturb,,36.0,Lil Texas,2024-10-25
INVADE - 909,INVADE,Hard Dance,37.0,Lil Texas,2024-10-25
Lil Texas - ID,Lil Texas,,38.0,Lil Texas,2024-10-25
Dual Damage - Get Wrecked 2024 Tool (X-Cursion Edit),Dual Damage,,39.0,Lil Texas,2024-10-25
EQUAL2 - WTF Is A Kilometer ID,EQUAL2,,40.0,Lil Texas,2024-10-25
Andy The Core - GBR,Andy The Core,Dance / Electro Pop,41.0,Lil Texas,2024-10-25
The Prophet - Wanna Play? (Revedge Edit),The Prophet,,42.0,Lil Texas,2024-10-25
Lil Texas - 2 Tha Rhythm,Lil Texas,Hard Dance,43.0,Lil Texas,2024-10-25
RefleXx & Unicorn On Ketamine - Fightclub (KIOR & PoisonSpitter Edit),RefleXx & Unicorn On Ketamine,,44.0,Lil Texas,2024-10-25
Lil Texas & DitzKickz - Sacrifice,Lil Texas & DitzKickz,,45.0,Lil Texas,2024-10-25
Unicorn On Ketamine - Tarzan,Unicorn On Ketamine,,46.0,Lil Texas,2024-10-25
Pinotello X Lil Texas - Spongebob,Pinotello X Lil Texas,Hard Dance,47.0,Lil Texas,2024-10-25
HOL! - Country Riddim (Lil Texas Edit),HOL!,,48.0,Lil Texas,2024-10-25
Funk Tribu - ID,Funk Tribu,,1.0,Funk Tribu,2024-10-03
Funk Tribu & CAIVA - Keep Up,Funk Tribu & CAIVA,Dance / Electro Pop,2.0,Funk Tribu,2024-10-03
Funk Tribu - ID,Funk Tribu,,3.0,Funk Tribu,2024-10-03
Funk Tribu - Platinum,Funk Tribu,Dance / Electro Pop,4.0,Funk Tribu,2024-10-03
Funk Tribu - Damage Control,Funk Tribu,,5.0,Funk Tribu,2024-10-03
BK - Give It To Me,BK,,6.0,Funk Tribu,2024-10-03
Funk Tribu - ID,Funk Tribu,,7.0,Funk Tribu,2024-10-03
Coolio ft. L.V. - Gangsters Paradise (Funk Tribu Edit),Coolio,,8.0,Funk Tribu,2024-10-03
Felix - Don't You Want Me (KI/KI Remix),Felix,Trance,9.0,Funk Tribu,2024-10-03
Funk Tribu & Odymel - ID,Funk Tribu & Odymel,,10.0,Funk Tribu,2024-10-03
Funk Tribu & Bad Boombox - ID,Funk Tribu & Bad Boombox,,11.0,Funk Tribu,2024-10-03
Funk Tribu - ID,Funk Tribu,,12.0,Funk Tribu,2024-10-03
Funk Tribu & Andata - New Wave,Funk Tribu & Andata,,13.0,Funk Tribu,2024-10-03
Daft Punk - Harder Better Faster Stronger (Acappella),Daft Punk,House,14.0,Funk Tribu,2024-10-03
Funk Tribu & LUCY DYE - All Of It,Funk Tribu & LUCY DYE,Trance,15.0,Funk Tribu,2024-10-03
Pyrolysis - From Ze Oven,Pyrolysis,,16.0,Funk Tribu,2024-10-03
Funk Tribu - I Got It For You,Funk Tribu,Dance / Electro Pop,17.0,Funk Tribu,2024-10-03
Intro - Intro,Intro,,1.0,Skream & Mala,2024-09-29
Mala ft. Dread MC - Guidance,Mala,,2.0,Skream & Mala,2024-09-29
Leo Cap - Perfect,Leo Cap,,3.0,Skream & Mala,2024-09-29
Breakage ft. Newham Generals & David Rodigan - Hard,Breakage,Drum & Bass,4.0,Skream & Mala,2024-09-29
Skream - Xmas Day Swagger,Skream,Dubstep,5.0,Skream & Mala,2024-09-29
Mala - Changes,Mala,Dubstep,6.0,Skream & Mala,2024-09-29
Skream - Lemon,Skream,,7.0,Skream & Mala,2024-09-29
Skream - Bang That (Chef Boyarbeatz Bootleg),Skream,,8.0,Skream & Mala,2024-09-29
Pharma - Retrospect,Pharma,,9.0,Skream & Mala,2024-09-29
Widdler - System Failure,Widdler,,10.0,Skream & Mala,2024-09-29
Benga - 26 Basslines,Benga,Dubstep,11.0,Skream & Mala,2024-09-29
Skream & Benga - ID,Skream & Benga,,12.0,Skream & Mala,2024-09-29
Flowdan - ID,Flowdan,,13.0,Skream & Mala,2024-09-29
Skream - Filth (Silkie Remix),Skream,,14.0,Skream & Mala,2024-09-29
Peekaboo & Badklaat ft. P Money - ID,Peekaboo & Badklaat,,15.0,Skream & Mala,2024-09-29
Cesco & Hamdi - Swing King,Cesco & Hamdi,Dubstep,16.0,Skream & Mala,2024-09-29
CØNTRA X THE WIDDLER - GANJA GREMLIN,CØNTRA X THE WIDDLER,,17.0,Skream & Mala,2024-09-29
Combine - Hardline,Combine,,18.0,Skream & Mala,2024-09-29
Sir Spyro - ID,Sir Spyro,,19.0,Skream & Mala,2024-09-29
N-TYPE & SLEEPER - DOZER,N-TYPE & SLEEPER,,20.0,Skream & Mala,2024-09-29
Hamdi - Killa,Hamdi,Dubstep,21.0,Skream & Mala,2024-09-29
Benga - Crunked Up,Benga,Dubstep,22.0,Skream & Mala,2024-09-29
Cimm & Youngsta ft. Riko Dan - Hear That (Trends & Boylan Remix),Cimm & Youngsta,Dubstep,23.0,Skream & Mala,2024-09-29
Killjoy - Hellcat (Kyber Remix),Killjoy,,24.0,Skream & Mala,2024-09-29
Strategy & Fiend - Premium Grease (Ternion Sound Remix),Strategy & Fiend,,25.0,Skream & Mala,2024-09-29
Joker - Juggernaut,Joker,Dubstep,26.0,Skream & Mala,2024-09-29
PAV4N - ID,PAV4N,,27.0,Skream & Mala,2024-09-29
Benga & Coki - Night,Benga & Coki,Dubstep,28.0,Skream & Mala,2024-09-29
Coki - ID,Coki,,29.0,Skream & Mala,2024-09-29
Klinical - Gxdswork,Klinical,Dubstep,30.0,Skream & Mala,2024-09-29
Hamdi - Second Mouse,Hamdi,,31.0,Skream & Mala,2024-09-29
Neumonic - Makes Me (Die By The Sword Remix),Neumonic,,32.0,Skream & Mala,2024-09-29
Alxndr - Day Dreaming,Alxndr,,33.0,Skream & Mala,2024-09-29
Quad City DJ's - Space Jam,Quad City DJ's,House,1.0,Sammy Virji,2024-09-28
Sammy Virji - Quarantine Done,Sammy Virji,Bassline / Garage / Grime,2.0,Sammy Virji,2024-09-28
Unknown T - Goodums,Unknown T,,3.0,Sammy Virji,2024-09-28
Joy Orbison - Hyph Mngo (Y U QT Edit),Joy Orbison,,4.0,Sammy Virji,2024-09-28
Notion - After The Break,Notion,,5.0,Sammy Virji,2024-09-28
Oppidan & Hans Glader - ID,Oppidan & Hans Glader,,6.0,Sammy Virji,2024-09-28
Pa Salieu - Belly,Pa Salieu,,7.0,Sammy Virji,2024-09-28
MPH - Cadence,MPH,Bassline / Garage / Grime,8.0,Sammy Virji,2024-09-28
salute - move faster…,salute,House,9.0,Sammy Virji,2024-09-28
Notion - Miss White Dub,Notion,,10.0,Sammy Virji,2024-09-28
Outlander - Vamp,Outlander,Techno,11.0,Sammy Virji,2024-09-28
Interplanetary Criminal ft. Blanco - Races,Interplanetary Criminal,Breaks,12.0,Sammy Virji,2024-09-28
"DJ Bigga G - Mind, Body & Soul",DJ Bigga G,,13.0,Sammy Virji,2024-09-28
Cause & Affect - Dimensions,Cause & Affect,,14.0,Sammy Virji,2024-09-28
Top Cat - Request The Style,Top Cat,,15.0,Sammy Virji,2024-09-28
Unknown T - Goodums (Sammy Virji Remix),Unknown T,,16.0,Sammy Virji,2024-09-28
MJ Cole & Sammy Virji - Doctor,MJ Cole & Sammy Virji,,17.0,Sammy Virji,2024-09-28
Joy Orbison - The Ray Tune,Joy Orbison,,18.0,Sammy Virji,2024-09-28
Headie One ft. Skepta - Back To Basics,Headie One,Hip Hop,19.0,Sammy Virji,2024-09-28
Chris Gresswell - Ventriloquist,Chris Gresswell,,20.0,Sammy Virji,2024-09-28
Dionne Warwick - Forever My Love (Sammy Virji Edit),Dionne Warwick,,21.0,Sammy Virji,2024-09-28
Sammy Virji - ID,Sammy Virji,,22.0,Sammy Virji,2024-09-28
Super Cat - Don Dada,Super Cat,Reggae / Dancehall,23.0,Sammy Virji,2024-09-28
Lil Silva - Seasons,Lil Silva,Bassline / Garage / Grime,24.0,Sammy Virji,2024-09-28
Bushbaby - DESIRE96 (VIP),Bushbaby,Bassline / Garage / Grime,25.0,Sammy Virji,2024-09-28
Champion & Sammy Virji - ID,Champion & Sammy Virji,,26.0,Sammy Virji,2024-09-28
Sammy Virji - I Guess We're Not The Same,Sammy Virji,,27.0,Sammy Virji,2024-09-28
Joy Anonymous & Sammy Virji - JOY (By My Side),Joy Anonymous & Sammy Virji,Bassline / Garage / Grime,28.0,Sammy Virji,2024-09-28
Isgwan - Incredible Dub,Isgwan,,29.0,Sammy Virji,2024-09-28
AHADADREAM & Priya Ragu & Skrillex ft. Contra - TAKA (Taiki Nulight Remix),AHADADREAM & Priya Ragu & Skrillex,Dubstep,30.0,Sammy Virji,2024-09-28
Hamdi - Caterpillar (VIP),Hamdi,,31.0,Sammy Virji,2024-09-28
Sammy Virji & Interplanetary Criminal - Damager,Sammy Virji & Interplanetary Criminal,Bassline / Garage / Grime,32.0,Sammy Virji,2024-09-28
Sammy Virji & Flowdan - Shella Verse,Sammy Virji & Flowdan,Bassline / Garage / Grime,33.0,Sammy Virji,2024-09-28
Benga & Coki - Night,Benga & Coki,Dubstep,34.0,Sammy Virji,2024-09-28
Sammy Virji - Never Let You Go,Sammy Virji,,35.0,Sammy Virji,2024-09-28
Sammy Virji - Bogeyman,Sammy Virji,Dance / Electro Pop,36.0,Sammy Virji,2024-09-28
Sammy Virji - Bogeyman (VIP),Sammy Virji,,37.0,Sammy Virji,2024-09-28
Mac DeMarco - On The Level (Skeptic Another Level Edit),Mac DeMarco,,38.0,Sammy Virji,2024-09-28
Sammy Virji - If U Need It,Sammy Virji,Bassline / Garage / Grime,39.0,Sammy Virji,2024-09-28
Tove Lo & SG Lewis - Let me go OH OH,Tove Lo & SG Lewis,Dance / Electro Pop,1.0,Tove Lo & SG Lewis,2024-09-27
Lauer - Inkel Jet 880,Lauer,Indie Dance,2.0,Tove Lo & SG Lewis,2024-09-27
Scissor Sisters - Let's Have A Kiki,Scissor Sisters,,3.0,Tove Lo & SG Lewis,2024-09-27
Fourth Phase - Funky Ladies,Fourth Phase,,4.0,Tove Lo & SG Lewis,2024-09-27
131bpm - Anoyx (BASHKKA Sex Siren Mix),131bpm,,5.0,Tove Lo & SG Lewis,2024-09-27
French Affair - Sexy,French Affair,Nu Disco / Disco,6.0,Tove Lo & SG Lewis,2024-09-27
Tove Lo & SG Lewis - Busy Girl,Tove Lo & SG Lewis,,7.0,Tove Lo & SG Lewis,2024-09-27
Veda Simpson - Oohhh Baby (Trance F*cker Mix),Veda Simpson,,8.0,Tove Lo & SG Lewis,2024-09-27
The Trip - Total 90,The Trip,Melodic House/Techno,9.0,Tove Lo & SG Lewis,2024-09-27
From House To Disco - Ode,From House To Disco,Indie Dance,10.0,Tove Lo & SG Lewis,2024-09-27
Tove Lo & SG Lewis - HEAT,Tove Lo & SG Lewis,Dance / Electro Pop,11.0,Tove Lo & SG Lewis,2024-09-27
AUTOFLOWER & Di After - 8AM,AUTOFLOWER & Di After,House,12.0,Tove Lo & SG Lewis,2024-09-27
SOPHIE - Nothing More To Say (Dub),SOPHIE,House,13.0,Tove Lo & SG Lewis,2024-09-27
Tove Lo & SG Lewis - Desire,Tove Lo & SG Lewis,,14.0,Tove Lo & SG Lewis,2024-09-27
Madonna - Jump,Madonna,Pop,15.0,Tove Lo & SG Lewis,2024-09-27
Caribou - Volume,Caribou,,1.0,Caribou,2024-09-14
Caribou - Climbing,Caribou,,2.0,Caribou,2024-09-14
Caribou - Bowls,Caribou,,3.0,Caribou,2024-09-14
Caribou - Odessa,Caribou,,4.0,Caribou,2024-09-14
Caribou - Come Find Me,Caribou,,5.0,Caribou,2024-09-14
Caribou - Sun,Caribou,,6.0,Caribou,2024-09-14
Caribou - Never Come Back,Caribou,Indie Dance,7.0,Caribou,2024-09-14
Caribou - Over Now,Caribou,,8.0,Caribou,2024-09-14
Tessela - Hackney Parrot (Caribou Edit),Tessela,,9.0,Caribou,2024-09-14
Caribou - Dear Life,Caribou,,10.0,Caribou,2024-09-14
Caribou - ID,Caribou,,11.0,Caribou,2024-09-14
Caribou - Broke My Heart,Caribou,Electronica,12.0,Caribou,2024-09-14
Caribou - Broke My Heart (Champion Remix),Caribou,Electronica,13.0,Caribou,2024-09-14
Caribou - Honey,Caribou,Electronica,14.0,Caribou,2024-09-14
Caribou - Got To Change,Caribou,,15.0,Caribou,2024-09-14
Caribou - Can't Do Without You,Caribou,Electronica,16.0,Caribou,2024-09-14
eurosanto - I'm probably perfect,eurosanto,,1.0,Rebecca Black,2024-09-14
"COBRAH & VTSS & MCR-T - TITS, LIPS, HIPS, KISS (10/10 Remix)",COBRAH & VTSS & MCR-T,Dance / Electro Pop,2.0,Rebecca Black,2024-09-14
SOPHIE - Hard (Boys Noize & X&G Remix),SOPHIE,,3.0,Rebecca Black,2024-09-14
Slayyyter - Purrr (Owen Jackson Remix),Slayyyter,,4.0,Rebecca Black,2024-09-14
Justice - Stress,Justice,Indie Dance,5.0,Rebecca Black,2024-09-14
Beyoncé - Yoncé (Mëll Rave Edit),Beyoncé,,6.0,Rebecca Black,2024-09-14
Joy Orbison vs. Charli xcx - Guess FM ₊ ✩ ‧ ₊ ˚ ౨ ৎ ˚ ₊ ✩ ‧ ₊ (Cimarrón Blend),Joy Orbison vs. Charli xcx,,7.0,Rebecca Black,2024-09-14
COMANAVAGO - Björkhain,COMANAVAGO,,8.0,Rebecca Black,2024-09-14
Lily Rose Depp - World Class Sinner / I'm A Freak (SoFTT Edit),Lily Rose Depp,,9.0,Rebecca Black,2024-09-14
NSYNC - I Want You Back (sowhy3 edit),NSYNC,,10.0,Rebecca Black,2024-09-14
Megan Thee Stallion - Thot Shit (TAAHLIAH remix v2 fv),Megan Thee Stallion,,11.0,Rebecca Black,2024-09-14
d̤̮j̤̮ g̤̮2g̤̮ ♪ ͜ ♪ - rude boy tokyo drift,d̤̮j̤̮ g̤̮2g̤̮ ♪ ͜ ♪,,12.0,Rebecca Black,2024-09-14
Baauer - All My Ladies,Baauer,House,13.0,Rebecca Black,2024-09-14
EDBOY - HOLLABACK GURL,EDBOY,,14.0,Rebecca Black,2024-09-14
George Riley ft. Hudson Mohawke - S E X,George Riley,Electronica,15.0,Rebecca Black,2024-09-14
Mika Heggemann & Taucher - Millennium Bitch (2024 Rework),Mika Heggemann & Taucher,,16.0,Rebecca Black,2024-09-14
Yaeji - booboo,Yaeji,Bassline / Garage / Grime,17.0,Rebecca Black,2024-09-14
Far East Movement ft. The Cataracs & DEV - Like A G6 (Cimarrón Jersey Flip),Far East Movement,,18.0,Rebecca Black,2024-09-14
DJ G2G & João Lágrima De Ouro - Melô Do Yeah,DJ G2G & João Lágrima De Ouro,,19.0,Rebecca Black,2024-09-14
Lana Del Rey - Mariners Apartment Complex,Lana Del Rey,,20.0,Rebecca Black,2024-09-14
Disclosure ft. Eliza Doolittle - You & Me (Flume Remix / Heggemann Edit),Disclosure,,21.0,Rebecca Black,2024-09-14
Moodrich - luv u nicki but ur beats r trash,Moodrich,,22.0,Rebecca Black,2024-09-14
Swank Mami - Bad B*tch,Swank Mami,,23.0,Rebecca Black,2024-09-14
Crazy Frog - Axel F (A.N.I. Rave Mix),Crazy Frog,,24.0,Rebecca Black,2024-09-14
COBRAH - GOOEY FLUID GIRLS,COBRAH,,25.0,Rebecca Black,2024-09-14
Da Hool - Meet Her At The Love Parade,Da Hool,Trance,26.0,Rebecca Black,2024-09-14
Torren Foot & Associanu - Sleep When I'm Dead (LO'99 Remix),Torren Foot & Associanu,Techno,27.0,Rebecca Black,2024-09-14
Ethel Cain X Romy & Fred Again.. - American Teenager X Strong (Jevan Mash),Ethel Cain X Romy & Fred Again..,,28.0,Rebecca Black,2024-09-14
felipe.mp3 - 36Friday.mp3,felipe.mp3,,29.0,Rebecca Black,2024-09-14
Niko B & dexter in the newsagent - trespass coat,Niko B & dexter in the newsagent,,1.0,Niko B,2024-09-05
Niko B - i've smoked weed 9 times and have had one good experience,Niko B,,2.0,Niko B,2024-09-05
Niko B - Rips In Jeans,Niko B,,3.0,Niko B,2024-09-05
Niko B - boarded the plane,Niko B,,4.0,Niko B,2024-09-05
Niko B - i'm just a pretty face,Niko B,,5.0,Niko B,2024-09-05
C418 - Minecraft,C418,,6.0,Niko B,2024-09-05
Niko B - Love Island Freestyle,Niko B,,7.0,Niko B,2024-09-05
Peter Bjorn And John ft. Victoria Bergsman - Young Folks,Peter Bjorn And John,Electronica,8.0,Niko B,2024-09-05
Niko B - it's not litter if you bin it,Niko B,,9.0,Niko B,2024-09-05
Niko B - ur a bundle of joy !,Niko B,,10.0,Niko B,2024-09-05
Niko B - Why's this dealer?,Niko B,,11.0,Niko B,2024-09-05
Niko B - Mary Berry,Niko B,,12.0,Niko B,2024-09-05
Niko B - Who's That Whats That,Niko B,Hip Hop,13.0,Niko B,2024-09-05
Marlon Hoffstadt & BIIANCO - Touch My Body,Marlon Hoffstadt & BIIANCO,Dance / Electro Pop,1.0,Marlon Hoffstadt & Malugi,2024-08-25
Justin Jay & Mija - Summer Groove,Justin Jay & Mija,Dance / Electro Pop,2.0,Marlon Hoffstadt & Malugi,2024-08-25
Marlon Hoffstadt & Coach Harrison - Earthquake,Marlon Hoffstadt & Coach Harrison,Dance / Electro Pop,3.0,Marlon Hoffstadt & Malugi,2024-08-25
Malugi & MCYL - Knees Break,Malugi & MCYL,,4.0,Marlon Hoffstadt & Malugi,2024-08-25
Marlon Hoffstadt & Luciana - We Want More,Marlon Hoffstadt & Luciana,Dance / Electro Pop,5.0,Marlon Hoffstadt & Malugi,2024-08-25
Mylo - Drop The Pressure (Malugi Edit),Mylo (UK),,6.0,Marlon Hoffstadt & Malugi,2024-08-25
The Blessed Madonna ft. Clementine Douglas - Happier (Malugi Edit),The Blessed Madonna,,7.0,Marlon Hoffstadt & Malugi,2024-08-25
Paul Sirrell & Malugi - Be My Lover,Paul Sirrell & Malugi,,8.0,Marlon Hoffstadt & Malugi,2024-08-25
Marlon Hoffstadt & Tommy Genesis - ID,Marlon Hoffstadt & Tommy Genesis,,9.0,Marlon Hoffstadt & Malugi,2024-08-25
Marlon Hoffstadt - Hot Shot,Marlon Hoffstadt,,10.0,Marlon Hoffstadt & Malugi,2024-08-25
Charli xcx - Guess (DJ Daddy Trance Edit),Charli xcx,,11.0,Marlon Hoffstadt & Malugi,2024-08-25
Britney Spears - Work B**ch (Malugi & Marlon Hoffstadt Edit),Britney Spears,,12.0,Marlon Hoffstadt & Malugi,2024-08-25
DJ Daddy Trance - Pump It,DJ Daddy Trance,,13.0,Marlon Hoffstadt & Malugi,2024-08-25
Malugi - Baby (Paul Sirrell Remix),Malugi,House,14.0,Marlon Hoffstadt & Malugi,2024-08-25
Blazey & Marlon Hoffstadt - My Mama Dropped LSD In The 90's,Blazey & Marlon Hoffstadt,Dance / Electro Pop,15.0,Marlon Hoffstadt & Malugi,2024-08-25
Malugi & Wolters - ID,Malugi & Wolters,,16.0,Marlon Hoffstadt & Malugi,2024-08-25
BL3SS & CamrinWatsin ft. Bbyclose - Kisses (Malugi Remix),BL3SS & CamrinWatsin,Dance / Electro Pop,17.0,Marlon Hoffstadt & Malugi,2024-08-25
Malugi ft. Lucy Dye - Move My Body,Malugi,Dance / Electro Pop,18.0,Marlon Hoffstadt & Malugi,2024-08-25
Marlon Hoffstadt & Baby Tate - ID,Marlon Hoffstadt & Baby Tate,,19.0,Marlon Hoffstadt & Malugi,2024-08-25
Paul Sirrell - Here We Go,Paul Sirrell,Trance,20.0,Marlon Hoffstadt & Malugi,2024-08-25
Marlon Hoffstadt - Move Your Feet,Marlon Hoffstadt,Dance / Electro Pop,21.0,Marlon Hoffstadt & Malugi,2024-08-25
Malugi & Interplanetary Criminal & Coach Harrison - ID,Malugi & Interplanetary Criminal & Coach Harrison,,22.0,Marlon Hoffstadt & Malugi,2024-08-25
Florence + The Machine - Spectrum (Say My Name) (Morgan Seatree Remix),Florence + The Machine,,23.0,Marlon Hoffstadt & Malugi,2024-08-25
Felix - Don't You Want Me (KI/KI Remix),Felix,Trance,1.0,VTSS & KI/KI,2024-08-15
Gesaffelstein - Control Movement (Radar Edit),Gesaffelstein,,2.0,VTSS & KI/KI,2024-08-15
Ueberrest - Ways To Die,Ueberrest,Techno,3.0,VTSS & KI/KI,2024-08-15
Ueberrest - All You Want,Ueberrest,Techno,4.0,VTSS & KI/KI,2024-08-15
Somewhen & Bibi Bourelly - Bricks,Somewhen & Bibi Bourelly,,5.0,VTSS & KI/KI,2024-08-15
Blazey & Marlon Hoffstadt - My Mama Dropped LSD In The 90's,Blazey & Marlon Hoffstadt,Dance / Electro Pop,6.0,VTSS & KI/KI,2024-08-15
KI/KI - 5 Mins Of Acid,KI/KI,Trance,7.0,VTSS & KI/KI,2024-08-15
DJ Gigola - La Batteria,DJ Gigola,Dance / Electro Pop,8.0,VTSS & KI/KI,2024-08-15
Scythe - ID,Scythe,,9.0,VTSS & KI/KI,2024-08-15
Charli xcx & Billie Eilish - Guess (Thalassophobia Remix),Charli xcx & Billie Eilish,,10.0,VTSS & KI/KI,2024-08-15
Da Hool - Meet Her At The Love Parade,Da Hool,Trance,11.0,VTSS & KI/KI,2024-08-15
Hammer House - The Jumper (Mass Medium Remix),Hammer House,Trance,12.0,VTSS & KI/KI,2024-08-15
Wolters - Bring Me Up,Wolters,Trance,13.0,VTSS & KI/KI,2024-08-15
Ludacris - What's Your Fantasy (Shemm Rave Remix),Ludacris,,14.0,VTSS & KI/KI,2024-08-15
Tiësto - Lethal Industry,Tiësto,Trance,15.0,VTSS & KI/KI,2024-08-15
Fatboy Slim - Star 69 (Acappella),Fatboy Slim,,16.0,VTSS & KI/KI,2024-08-15
João Lágrima De Ouro - Bate Palma,João Lágrima De Ouro,,17.0,VTSS & KI/KI,2024-08-15
Portex - Can I Trust You,Portex,,18.0,VTSS & KI/KI,2024-08-15
Fenrick - 2 Sexy,Fenrick,Techno,19.0,VTSS & KI/KI,2024-08-15
DV60 - The Birds,DV60,,20.0,VTSS & KI/KI,2024-08-15
Showtek - FTS (Fuck The System),Showtek,Hard Dance,21.0,VTSS & KI/KI,2024-08-15
Lock 'n Load - Blow Ya Mind (DJ Daddy Trance Remix),Lock 'n Load,Trance,22.0,VTSS & KI/KI,2024-08-15
RBX - Goes Crazy,RBX,Techno,1.0,DJ Gigola,2024-08-14
DJ Gigola - Siente El Ritmo,DJ Gigola,,2.0,DJ Gigola,2024-08-14
Boca - Miami (Biscayne Mix),Boca,Progressive House,3.0,DJ Gigola,2024-08-14
MYND - On The Drum,MYND,,4.0,DJ Gigola,2024-08-14
MOGUAI - ACIIID (Kryder & Benny Benassi Remix),MOGUAI,Mainstage,5.0,DJ Gigola,2024-08-14
Danny Wabbit - Gotta Kill Bill,Danny Wabbit,Techno,6.0,DJ Gigola,2024-08-14
DJ Gigola - Stream State,DJ Gigola,Techno,7.0,DJ Gigola,2024-08-14
Nuclear Hyde - X-tension,Nuclear Hyde,Electronica,8.0,DJ Gigola,2024-08-14
DJ Gigola - La Batteria,DJ Gigola,Dance / Electro Pop,9.0,DJ Gigola,2024-08-14
3 Ways - Summer Tribal (Elastica Remix),3 Ways,Hard Dance,10.0,DJ Gigola,2024-08-14
Dito Masats - Sugar Tasty,Dito Masats,,11.0,DJ Gigola,2024-08-14
Rios - Deskontrolate,Rios,,12.0,DJ Gigola,2024-08-14
ØTTA - Voce De 4,ØTTA,,13.0,DJ Gigola,2024-08-14
DJ Jes - Ismael (Temudo Remix Version 2),DJ Jes,,1.0,Ben Klock,2024-08-14
A.Morgan - The Answer,A.Morgan,,2.0,Ben Klock,2024-08-14
Harvey McKay - Footstep,Harvey McKay,,3.0,Ben Klock,2024-08-14
Alarico - Carnal Fever,Alarico,Techno,4.0,Ben Klock,2024-08-14
Stef Mendesidis - Axial Force,Stef Mendesidis,,5.0,Ben Klock,2024-08-14
Cirkle - Evolving,Cirkle,,6.0,Ben Klock,2024-08-14
A.Morgan - Sidewinder,A.Morgan,Techno,7.0,Ben Klock,2024-08-14
Talismann - Lolabo,Talismann,,8.0,Ben Klock,2024-08-14
Stef Mendesidis - Minore,Stef Mendesidis,Techno,9.0,Ben Klock,2024-08-14
El Joven Prisionero - La Raya,El Joven Prisionero,,10.0,Ben Klock,2024-08-14
Len Faki - Temple (Ø [Phase] Remix),Len Faki,Techno,11.0,Ben Klock,2024-08-14
DJ Dextro - Idade das Perguntas,DJ Dextro,,12.0,Ben Klock,2024-08-14
Brian Eno - An Ending (Ascent),Brian Eno,Electronica,13.0,Ben Klock,2024-08-14
Lister - Faded,Lister,Techno,1.0,I Hate Models,2024-08-03
Jaxxr - Turn Up The Bass,Jaxxr,Techno,2.0,I Hate Models,2024-08-03
Franky-B & Kø:lab - Godspeed,Franky-B & Kø:lab,Hard Dance,3.0,I Hate Models,2024-08-03
Cadzow - Get Ya Hands Up,Cadzow,,4.0,I Hate Models,2024-08-03
Pitch Mad Attak - Wanna Be,Pitch Mad Attak,Hard Dance,5.0,I Hate Models,2024-08-03
Protokseed - Headshot,Protokseed,,6.0,I Hate Models,2024-08-03
Daft Punk - Technologic,Daft Punk,House,7.0,I Hate Models,2024-08-03
Marco Kanda - Bring The Bassline Back,Marco Kanda,,8.0,I Hate Models,2024-08-03
DSTBL - Your Body Your Mind,DSTBL,Techno,9.0,I Hate Models,2024-08-03
TRFN & Ken Rosenberg - Maneater,TRFN & Ken Rosenberg,,10.0,I Hate Models,2024-08-03
KX CHR - Yasuo,KX CHR,,11.0,I Hate Models,2024-08-03
Binary Squad - Like A Candy,Binary Squad,,12.0,I Hate Models,2024-08-03
Gala - Freed From Desire (T E S T P R E S S Remix),Gala,Trance,13.0,I Hate Models,2024-08-03
Dankz - In The Club,Dankz,,14.0,I Hate Models,2024-08-03
Vendetta - The Resistance,Vendetta,Trance,15.0,I Hate Models,2024-08-03
LESSSS - Silver Zone,LESSSS,Techno,16.0,I Hate Models,2024-08-03
D-Jastic - Up To No Good,D-Jastic,House,17.0,I Hate Models,2024-08-03
MATRAKK - Space Invader,MATRAKK,,18.0,I Hate Models,2024-08-03
El Columpio Asesino - Toro (Andre VII Remix / I Hate Models Speed Up Revival Edit),El Columpio Asesino,Dance / Electro Pop,19.0,I Hate Models,2024-08-03
KX CHR - Do You Wanna Dance,KX CHR,Hard Dance,20.0,I Hate Models,2024-08-03
Damian Ray - Thinking About You,Damian Ray,Hard Dance,21.0,I Hate Models,2024-08-03
Adder & Jaimy Lorenzo - Think You're Bigger,Adder & Jaimy Lorenzo,,22.0,I Hate Models,2024-08-03
Lestrange & Benefice - Polizei,Lestrange & Benefice,,23.0,I Hate Models,2024-08-03
Odymel & Ciel - One Night Stand,Odymel & Ciel,,24.0,I Hate Models,2024-08-03
Bastet - Fucking Shit,Bastet,,25.0,I Hate Models,2024-08-03
DeeYaz - Ascension,DeeYaz,Techno,26.0,I Hate Models,2024-08-03
O.B.I. - Blood Rocking,O.B.I.,,27.0,I Hate Models,2024-08-03
Koffeintablette & The Manager - Bang,Koffeintablette & The Manager,,28.0,I Hate Models,2024-08-03
Maddam - Pray,Maddam,,29.0,I Hate Models,2024-08-03
Lil Peep ft. Lil Tracy - witchblades (Deevey Edit),Lil Peep,,30.0,I Hate Models,2024-08-03
