Number,Artist,TrackName,DJ,Date
01,Marlon Hoffstadt & BIIANCO,Touch My Body,Marlon Hoffstadt B2B Malugi,"Sep 25, 2024"
02,Justin Jay & Mija,Summer Groove,Marlon Hoffstadt B2B Malugi,"Sep 25, 2024"
03,Marlon Hoffstadt & Coach Harrison,Earthquake,Marlon Hoffstadt B2B Malugi,"Sep 25, 2024"
04,Malugi & MCYL,Knees Break,Marlon Hoffstadt B2B Malugi,"Sep 25, 2024"
05,Marlon Hoffstadt & Luciana,We Want More,Marlon Hoffstadt B2B Malugi,"Sep 25, 2024"
06,Mylo,Drop The Pressure (Malugi Edit),Marlon Hoffstadt B2B Malugi,"Sep 25, 2024"
07,The Blessed Madonna ft. Clementine Douglas,Happier (Marlon Hoffstadt Edit),Marlon Hoffstadt B2B Malugi,"Sep 25, 2024"
08,Paul Sirrell & Malugi,Be My Lover,Marlon Hoffstadt B2B Malugi,"Sep 25, 2024"
09,Marlon Hoffstadt & Tommy Genesis,ID,Marlon Hoffstadt B2B Malugi,"Sep 25, 2024"
10,Marlon Hoffstadt,ID,Marlon Hoffstadt B2B Malugi,"Sep 25, 2024"
11,Charli xcx,Guess (DJ Daddy Trance Edit),Marlon Hoffstadt B2B Malugi,"Sep 25, 2024"
01,Charli XCX,365,Charli XCX,"Jul 12, 2024"
02,Charli XCX,Talk Talk,Charli XCX,"Jul 12, 2024"
03,Charli XCX,Guess,Charli XCX,"Jul 12, 2024"
04,The Dare,Bloodwork,Charli XCX,"Jul 12, 2024"
05,Da Hool,Meet Her At The Love Parade,Charli XCX,"Jul 12, 2024"
06, Charli XCX,Club classics,Charli XCX,"Jul 12, 2024"
07, Charli XCX,365,Charli XCX,"Jul 12, 2024"
08,Charli XCX,Club classics (Petal Supply 'Dance All Night' Mix),Charli XCX,"Jul 12, 2024"
09,Charli XCX,Carelesscarelesslockitlockit,Charli XCX,"Jul 12, 2024"
10,Martin Ikin,Make U Sweat,Charli XCX,"Jul 12, 2024"
11,Yomanda,Synth & Strings,Charli XCX,"Jul 12, 2024"
01,ID,ID,ANOTR,"Jun 22, 2024"
02,True Spirit,Frog (90s Mix),ANOTR,"Jun 22, 2024"
03,Marius Acke,Tell Me,ANOTR,"Jun 22, 2024"
04,ANOTR,ID,ANOTR,"Jun 22, 2024"
05,DJ PP & Jack Mood,Aretha,ANOTR,"Jun 22, 2024"
06,Makèz,ID,ANOTR,"Jun 22, 2024"
07,Groove P,Are They Real,ANOTR,"Jun 22, 2024"
08,ID,ID,ANOTR,"Jun 22, 2024"
09, Jesse Rose ft. Deize Tigrona,Toca Pra Mim,ANOTR,"Jun 22, 2024"
10,Chambray,Ghetto Giants,ANOTR,"Jun 22, 2024"
11,Amine Edge & DANCE,Ruthless,ANOTR,"Jun 22, 2024"
01,Moby,Go (Chris Stussy Edit),Chris Stussy,"Jun 14, 2024"
02,ID,ID,Chris Stussy,"Jun 14, 2024"
03,Aaron,Carl - Drive (Downriver Dub),Chris Stussy,"Jun 14, 2024"
04,Pink Floyd,"Another Brick In The Wall, Pt. 2 (Chris Stussy Edit)",Chris Stussy,"Jun 14, 2024"
05,Gaskin,ID,Chris Stussy,"Jun 14, 2024"
06,ID,ID,Chris Stussy,"Jun 14, 2024"
07,Chris Stussy,ID,Chris Stussy,"Jun 14, 2024"
08,ID,ID,Chris Stussy,"Jun 14, 2024"
09,Across Boundaries & Chris Stussy & Locklead,T.M.P,Chris Stussy,"Jun 14, 2024"
10,ID,Be Good To Me,Chris Stussy,"Jun 14, 2024"
11,Across Boundaries,Pumpin',Chris Stussy,"Jun 14, 2024"
01,Grace Jones,Operattack,Masters At Work,"Jun 5, 2024"
02,"Wade Teo, Charles Rickards ft. Kameelah Waheed",La De Da (Kenny Dope O' Gutta Mix),Masters At Work,"Jun 5, 2024"
03,Ron Hall,Talk To God 'Bout It (Spen's Sunday Service Re Edit),Masters At Work,"Jun 5, 2024"
04,"Masters At Work, Louie Vega, Kenny Dope",MAWcid,Masters At Work,"Jun 5, 2024"
05,Joy Ride,I Can't Get No Sleep,Masters At Work,"Jun 5, 2024"
06,"Masters At Work, Louie Vega, Kenny Dope",Organi,Masters At Work,"Jun 5, 2024"
07,"Kelly G., Candi Staton",Power Of One (Extended Mix),Masters At Work,"Jun 5, 2024"
08,"OVEOUS, Don Kamares",Legacy (Dubstrumental),Masters At Work,"Jun 5, 2024"
09,Kerri Chandler,Rain (Atjazz Remix),Masters At Work,"Jun 5, 2024"
10,Josh Milan,Thinking About Your Body (Louie Vega Mixes) (Louie Vega Dance Ritual Remix Instrumental),Masters At Work,"Jun 5, 2024"
01,COBRAH,DIP N DRIP,Cobrah,"Jun 2, 2024"
02,COBRAH,BRAND NEW BITCH,Cobrah,"Jun 2, 2024"
03,COBRAH,TEQUILA,Cobrah,"Jun 2, 2024"
04,COBRAH,SUCK (Extended Mix),Cobrah,"Jun 2, 2024"
05,"Chris Lorenzo, COBRAH",MAMI,Cobrah,"Jun 2, 2024"
06,COBRAH,FEMININE ENERGY,Cobrah,"Jun 2, 2024"
07,COBRAH & cupcakKe (ft. cupcakKe),Good PusS (Remix),Cobrah,"Jun 2, 2024"
08,COBRAH,10/10,Cobrah,"Jun 2, 2024"
01,Blxckie,Mama It's Bad,Blxckie,"May 23, 2024"
02,Blxckie,cold,Blxckie,"May 23, 2024"
03,Blxckie,umoya,Blxckie,"May 23, 2024"
04,Blxckie,David,Blxckie,"May 23, 2024"
05,Blxckie,Big Time Sh'lappa (feat. LucasRaps),Blxckie,"May 23, 2024"
06,Blxckie,Ye x4,Blxckie,"May 23, 2024"
07,Blxckie,Hold,Blxckie,"May 23, 2024"
01,Dead or alive,You Spin Me Round (Like a Record),nsperger,"May 22, 2024"
02,Mark Verbos,Idle Hands,nsperger,"May 22, 2024"
03,Ebass,Deity,nsperger,"May 22, 2024"
04,Stinky Producer (RUIZ OSC1),Stinky Producer,nsperger,"May 22, 2024"
05,Trevor Rockliffe & Blake Baxter,Visions Of You (Samuel L's Wet N' Hard Mix),nsperger,"May 22, 2024"
06,Stalker,Mython,nsperger,"May 22, 2024"
07,David Carretta,Colors (Transmition Mix),nsperger,"May 22, 2024"
08,"Saba Komossa, Delkom",Viva la Droga,nsperger,"May 22, 2024"
09,David Carretta,Ermite Technologique (feat Gigi Succès),nsperger,"May 22, 2024"
10,Adriano Canzian,,nsperger,"May 22, 2024"
11,My boyfriend is very sexy (Millimetric remix),,nsperger,"May 22, 2024"
01,Franco Rossi,Motion Blur (Earthscape (DE) Remix),Sol Ortega,"May 22, 2024"
02,SHDW & Obscure Shape,Turbulence,Sol Ortega,"May 22, 2024"
03,Sarmien,Everyday Of My Life,Sol Ortega,"May 22, 2024"
04,Hemka,Fragance,Sol Ortega,"May 22, 2024"
05,Mark Broom,Steam (Volster Remix),Sol Ortega,"May 22, 2024"
06,KaioBarssalos,Anxiety,Sol Ortega,"May 22, 2024"
07,Bidoben,Telluric (Cleric Remix),Sol Ortega,"May 22, 2024"
08,DJ Dextro,100 Reis,Sol Ortega,"May 22, 2024"
09,West Code,Underground Night,Sol Ortega,"May 22, 2024"
10,DJ G,Force - Terminate The Source!,Sol Ortega,"May 22, 2024"
11,E110101,Funky Ascension,Sol Ortega,"May 22, 2024"
01,Ananda,Boiler Room Rio De Janeiro: Festa Wobble,Ananda,"May 16, 2024"
01,Fela Kuti,Music Is a Spiritual thing,Dope Caesar,"May 15, 2024"
02,Notre Dame,Emowe3,Dope Caesar,"May 15, 2024"
03,Wizkid,The Matter Acapella,Dope Caesar,"May 15, 2024"
04,Future,Turn on the Lights,Dope Caesar,"May 15, 2024"
05,Shimza,Rumble,Dope Caesar,"May 15, 2024"
06,Beyonce,Who Run The World,Dope Caesar,"May 15, 2024"
07,The Therapist,Nack Acapella,Dope Caesar,"May 15, 2024"
08,Rihanna,Rude Boy,Dope Caesar,"May 15, 2024"
09,Dave & Cave,Sprinter Acapella,Dope Caesar,"May 15, 2024"
10,Kendrick Lamar,Alright,Dope Caesar,"May 15, 2024"
11,Bruno Mars,Uptown Funk Acapella,Dope Caesar,"May 15, 2024"
01,Kiriti marota'i,Cook Island Drumming,Styla,"May 9, 2024"
02,T,Pain ft. Chris Brown - Freeze (Dj Owe Edit),Styla,"May 9, 2024"
03,kIriti marota'i,Cook Island Drumming,Styla,"May 9, 2024"
04,Kaytranada,if (Dj Basik Baile Funk Edit),Styla,"May 9, 2024"
05,Tyla,Water (ID Remix),Styla,"May 9, 2024"
06,Fine China,Too Many Bhebha,Styla,"May 9, 2024"
07,ID,Cook Island Drumming,Styla,"May 9, 2024"
08,Drake,Trophies (DYNE & D Tale Baile Edit),Styla,"May 9, 2024"
09,AC Slater & Taiki Nulight,Psyco,Styla,"May 9, 2024"
10,Soulja Boy,Pretty Boy Swag (Saiko Mash Up),Styla,"May 9, 2024"
11,Sean Paul,Gimmie The Light (Crux Pistols Baile Funk Edit),Styla,"May 9, 2024"
01,Jay Samson,Kuki Mashup,K-Swizz,"May 9, 2024"
02,Memphis Bleek,Like That,K-Swizz,"May 9, 2024"
03,"T.I., Paul Wall",Bring Em Out,K-Swizz,"May 9, 2024"
04,LL Cool J,Paradise,K-Swizz,"May 9, 2024"
05,Naughty by Nature,O.P.P.,K-Swizz,"May 9, 2024"
06,DMX,Get It On The Floor,K-Swizz,"May 9, 2024"
07,Beyoncé,Crazy in Love,K-Swizz,"May 9, 2024"
08,Yasmeen,Blue Jeans,K-Swizz,"May 9, 2024"
09,LL Cool J,Around The Way Girl,K-Swizz,"May 9, 2024"
10,Mary J. Blige,Family Affair (A Cappella),K-Swizz,"May 9, 2024"
01,Surusinghe,Likshot,Giddy,"May 9, 2024"
02,Rex Atirai,Kia Orana,Giddy,"May 9, 2024"
03,Deekline,I Don't Smoke (Vital Techniques Remix),Giddy,"May 9, 2024"
04,Notch,Fiesta,Giddy,"May 9, 2024"
05,Charly Black,Gyal You a Party Animal,Giddy,"May 9, 2024"
06,"Charly Black, Birchill",Hoist & Wine,Giddy,"May 9, 2024"
07,"Orezi, Sheebah",Sweet Sensation,Giddy,"May 9, 2024"
08,King Bubba FM,Bubbaling (Remix),Giddy,"May 9, 2024"
01,Katu,E Toa,Gat,"May 9, 2024"
02,Nina Sky,Move Ya Body CHAMOS x Changing Currents,Gat,"May 9, 2024"
03,STRATRAKK,BA DADA DADA [EDIT],Gat,"May 9, 2024"
04,Thaddeus,Poetic Bounce,Gat,"May 9, 2024"
05,CHAMOS,Special,Gat,"May 9, 2024"
06,Sade,Smooth Operator Max9k,Gat,"May 9, 2024"
07,Rae Sremmurd,No Type (CHAMOS Edit),Gat,"May 9, 2024"
08,Diggy Dupe,We The City x On My Mind (Gat Edit),Gat,"May 9, 2024"
09,Pink Pantheress,Boy's A Liar 2 (NEVER DULL REMIX),Gat,"May 9, 2024"
10,GROOVY T,HEARTBREAK ANNI (GROOVY TS GROOVY UKg EDIT),Gat,"May 9, 2024"
11,Drake,Rich Baby Afro House (Bastian Bell x TEE EM DEE),Gat,"May 9, 2024"
01,Y U QT,Ur The Only 1,Y U QT,"May 8, 2024"
02,Y U QT,One More Time (I Need You),Y U QT,"May 8, 2024"
03,Y U QT,I Know Right,Y U QT,"May 8, 2024"
04,Y U QT,Dream Theme,Y U QT,"May 8, 2024"
05,Y U QT ft. Riko Dan,Original Don,Y U QT,"May 8, 2024"
06,DJ co.kr ft. Killa P & h4rdy,FM23 (Y U QT Remix),Y U QT,"May 8, 2024"
07,Love Remain,"Yours, Mine (Y U QT Dub Mix)",Y U QT,"May 8, 2024"
08,Y U QT,Call & Response,Y U QT,"May 8, 2024"
09,Y U QT,ID,Y U QT,"May 8, 2024"
10,bullet tooth,IMMACULATE SKANK,Y U QT,"May 8, 2024"
11,Isgwan,Witness (Killjoy Remix),Y U QT,"May 8, 2024"
01,Bodhi,Soup Dub,Freshta,"May 8, 2024"
02,Darama,Blue Frog,Freshta,"May 8, 2024"
03,Bodhi,Hype,Freshta,"May 8, 2024"
04,Daffy,Hydrated,Freshta,"May 8, 2024"
05,"Hudson Mohawke, Nikki Nair, Homer Simpson",Set The Roof (Homer Simpson Remix),Freshta,"May 8, 2024"
06,Otus,Rez,Freshta,"May 8, 2024"
07,Little Simz,Torch,Freshta,"May 8, 2024"
08,Tribeat,Patakha Guddi (Remix),Freshta,"May 8, 2024"
01,ID,ID,Flowdan & Neffa-T,"May 8, 2024"
02,Beau Didier,Take 1,Flowdan & Neffa-T,"May 8, 2024"
03,DJ SWISHERMAN,Pushin' Keys,Flowdan & Neffa-T,"May 8, 2024"
04,Mez & Wiley & Hitman Hyper & Swarvo & Flirta D & Discarda & Jammer,Bongo,Flowdan & Neffa-T,"May 8, 2024"
05,Glaskin,Cutta,Flowdan & Neffa-T,"May 8, 2024"
06,MOREOFUS,Lost,Flowdan & Neffa-T,"May 8, 2024"
07,Quasar,Soundsystem Addict (VIP),Flowdan & Neffa-T,"May 8, 2024"
08,Grim Sickers & Joely,John Fury 4,Flowdan & Neffa-T,"May 8, 2024"
09,Oddkut,Og,Flowdan & Neffa-T,"May 8, 2024"
10,ID,ID,Flowdan & Neffa-T,"May 8, 2024"
11,Chontane,Pyrax,Flowdan & Neffa-T,"May 8, 2024"
01,Soul Mass Transit System,Burna,Soul Mass Transit System,"May 8, 2024"
02,Soul Mass Transit System,ID,Soul Mass Transit System,"May 8, 2024"
03,ID,ID,Soul Mass Transit System,"May 8, 2024"
04,ID,ID,Soul Mass Transit System,"May 8, 2024"
05,ID,ID,Soul Mass Transit System,"May 8, 2024"
06,Soul Mass Transit System,ID,Soul Mass Transit System,"May 8, 2024"
07,ID,ID,Soul Mass Transit System,"May 8, 2024"
08,Soul Mass Transit System,Tip!,Soul Mass Transit System,"May 8, 2024"
09,ID,ID,Soul Mass Transit System,"May 8, 2024"
10,Soul Mass Transit System,bump n grind edit,Soul Mass Transit System,"May 8, 2024"
11,ID,ID,Soul Mass Transit System,"May 8, 2024"
01,"Phelimuncasi, NET GALA",Dlala Ngesinqa,NET GALA,"May 2, 2024"
02,Gafacci,SYTF,NET GALA,"May 2, 2024"
03,Florentino ft. Baby Cocada,Hysterika,NET GALA,"May 2, 2024"
04,Destra,Dip and Ride (Rizzla Bootleg),NET GALA,"May 2, 2024"
05,LSDXOXO,BE A NOBODY,NET GALA,"May 2, 2024"
06,Astronomar,Dick Dick Booty Booty Dick (reprise),NET GALA,"May 2, 2024"
07,Xeraph,High Quality Pussy,NET GALA,"May 2, 2024"
08,egeo shilhwa ña & DJ ACTIVEX,Kuwatulut,NET GALA,"May 2, 2024"
09,DJ Bastard,K9 Flute Funk,NET GALA,"May 2, 2024"
10,De Schuurman,Poenka,NET GALA,"May 2, 2024"
11,A.k.Adrix,Ninja Beat [IIIII],NET GALA,"May 2, 2024"
01,ID,ID,Boys Noize,"May 1, 2024"
02,The Blackmailer,Shall We Go Out Tonight,Boys Noize,"May 1, 2024"
03,ID,ID,Boys Noize,"May 1, 2024"
04,Alarico,What For,Boys Noize,"May 1, 2024"
05,Ellis,D - My Loleatta,Boys Noize,"May 1, 2024"
06,ID,ID,Boys Noize,"May 1, 2024"
07,ID,ID,Boys Noize,"May 1, 2024"
08,Paul Adam Walter,Brutal House (BEADS Edit),Boys Noize,"May 1, 2024"
09,Match Box ft. Elif Murat,Midnight,Boys Noize,"May 1, 2024"
10,ID,ID,Boys Noize,"May 1, 2024"
11,ID,ID,Boys Noize,"May 1, 2024"
01,Calvin Stones Ii,Fonky Muzik,Bibi Seck,"May 1, 2024"
02,Grant Nelson,Brazilian Knights,Bibi Seck,"May 1, 2024"
03,Dutchican Soul & Stereosoulz,The Way,Bibi Seck,"May 1, 2024"
04,BDK,Love Vibration,Bibi Seck,"May 1, 2024"
05,DJ Crisps,Do It To The Muzik,Bibi Seck,"May 1, 2024"
06,Sean Den,Move Your Body (SD Edit),Bibi Seck,"May 1, 2024"
07,Delistic,Watje,Bibi Seck,"May 1, 2024"
08,Fauve Records,Hear The Drummer Get Wicked (RFX Edit),Bibi Seck,"May 1, 2024"
09,Todd Edwards,Can't You Believe (Jay Robinson Remix),Bibi Seck,"May 1, 2024"
10,KiNK & Neville Watson,Metropole,Bibi Seck,"May 1, 2024"
11,BDK,Tuttt,Bibi Seck,"May 1, 2024"
01,Coloray,Fantasy,Coloray,"May 1, 2024"
02,Djfix & Jek,Grass Whistle,Coloray,"May 1, 2024"
03,Coloray ft. Dyce,No Me Vale,Coloray,"May 1, 2024"
04,TSVI,Progressive,Coloray,"May 1, 2024"
05,Brenda & Maria Manuela,Fetch (Sano Megaflip),Coloray,"May 1, 2024"
06,Beau Didier,Bachata Break,Coloray,"May 1, 2024"
07,Sam Goku,Radiants,Coloray,"May 1, 2024"
08,MOGUAI,Freaks,Coloray,"May 1, 2024"
09,Lighter,Skanker (James Fox Work Vocal Edit),Coloray,"May 1, 2024"
10,Ago,Backlash,Coloray,"May 1, 2024"
11,Azealia Banks ft. Lazy Jay,212 (DJ Sliink Remix),Coloray,"May 1, 2024"
01,Retromigration,Trust,BELLA,"May 1, 2024"
02,VOY,VOY 13 B,BELLA,"May 1, 2024"
03,The Body Shakers,El Sonido,BELLA,"May 1, 2024"
04,X,Press 2 - Muzikizum,BELLA,"May 1, 2024"
05,Harlequin Clubtrax,Space Jam (Angelo Kortez Drum Mix),BELLA,"May 1, 2024"
06,Tom Tom,(See Me) Touch Me (Runnign Naked In A Cornfield Mix),BELLA,"May 1, 2024"
01,Ross From Friends,Love Divide,Ross From Friends,"Apr 30, 2024"
02,Caribou,Honey,Ross From Friends,"Apr 30, 2024"
03,Bushbaby,Woman's Touch,Ross From Friends,"Apr 30, 2024"
04,Deetron,Runnin',Ross From Friends,"Apr 30, 2024"
05,Ross From Friends,The One,Ross From Friends,"Apr 30, 2024"
06,O'Flynn & Frazer Ray,Count You In,Ross From Friends,"Apr 30, 2024"
07,ID,ID,Ross From Friends,"Apr 30, 2024"
08,Robin S,Show Me Love,Ross From Friends,"Apr 30, 2024"
09,Rihanna,Pon De Replay,Ross From Friends,"Apr 30, 2024"
10,Adam F,Circles,Ross From Friends,"Apr 30, 2024"
11,Sparks,Tryouts for the Human Race (WBBL Remix),Ross From Friends,"Apr 30, 2024"
01,ID,ID,Naone,"Apr 30, 2024"
02,George Jung,Get Together (Original DeVol Mix),Naone,"Apr 30, 2024"
03,Analog Trip & George Moog,U Like That (Original Studio MIx 1996),Naone,"Apr 30, 2024"
04,Pavel Bidlo,Hope (Cannibal mix),Naone,"Apr 30, 2024"
05,Karma,Tarrentella,Naone,"Apr 30, 2024"
06,Envy,Falling (Instrumental),Naone,"Apr 30, 2024"
01,TMSV,The Ritual,Tsepo,"Apr 30, 2024"
02,Instinct,Skat 02,Tsepo,"Apr 30, 2024"
03,Kreature,Singing To Soundbwoy,Tsepo,"Apr 30, 2024"
04,Tsepo,Rushing Or Dragging,Tsepo,"Apr 30, 2024"
05,Redlight ft. Shanique Marie,Drop Down,Tsepo,"Apr 30, 2024"
06,Tonja Dantzler,In And Out Of My Life (Armand van Helden Remix / Gerd Janson & Shan Edit),Tsepo,"Apr 30, 2024"
07,Grain,Untitled,Tsepo,"Apr 30, 2024"
08,Alma Matris,Rumore Chimico (Formula Magica),Tsepo,"Apr 30, 2024"
09,LF System,All I've Got,Tsepo,"Apr 30, 2024"
10,Kwake,Ill Type Sound,Tsepo,"Apr 30, 2024"
11,4am Kru & McDonald & Jannetta,Pianos Raining Down (165BPM To 134 Mix),Tsepo,"Apr 30, 2024"
01,Brutalismus 3000,ID,Brutalismus 3000,"Apr 26, 2024"
02,Brutalismus 3000,Pentagramm,Brutalismus 3000,"Apr 26, 2024"
03,Brutalismus 3000,ID,Brutalismus 3000,"Apr 26, 2024"
04,Brutalismus 3000,Diskoteka Avantgarde,Brutalismus 3000,"Apr 26, 2024"
05,Yung Hurn,ALLEINE (Brutalismus 3000 Remix),Brutalismus 3000,"Apr 26, 2024"
06,Dido,Thank You,Brutalismus 3000,"Apr 26, 2024"
07,Brutalismus 3000,Horime,Brutalismus 3000,"Apr 26, 2024"
08,Bollman,Rampage,Brutalismus 3000,"Apr 26, 2024"
09, IC3PEAK,Марш,Brutalismus 3000,"Apr 26, 2024"
10,Brutalismus 3000,ID,Brutalismus 3000,"Apr 26, 2024"
11,Skrillex ft. Nai Barghouti,XENA,Brutalismus 3000,"Apr 26, 2024"
01,Safety Trance,Cuando Suena El Dembow,Cardopusher / Safety Trance,"Apr 24, 2024"
02,Safety Trance (Bad Gyal),Chulo X Destruccion Remix,Cardopusher / Safety Trance,"Apr 24, 2024"
03,El Alma Que Te Trajo,Safety Trance y Arca,Cardopusher / Safety Trance,"Apr 24, 2024"
04,Latina (Safety Trance Remix),Isabella Lovestory,Cardopusher / Safety Trance,"Apr 24, 2024"
05,Safety Trance & Virgen María,Ratatata,Cardopusher / Safety Trance,"Apr 24, 2024"
06,La Goony Chonga,Lunita (Safety Trance Remix),Cardopusher / Safety Trance,"Apr 24, 2024"
01,ID,ID,DJ Babatr,"Apr 24, 2024"
02,ID,ID,DJ Babatr,"Apr 24, 2024"
03,ID,ID,DJ Babatr,"Apr 24, 2024"
04,ID,ID,DJ Babatr,"Apr 24, 2024"
05,Chico Blanco,ENAMORADODE (Dj Babatr Rapacious Mix),DJ Babatr,"Apr 24, 2024"
06,Dj Babatr,In The Groove,DJ Babatr,"Apr 24, 2024"
07,Dj Dero,Revolutions,DJ Babatr,"Apr 24, 2024"
08,Dj Babatr,The Sound Of Whisper (Rapacious mix),DJ Babatr,"Apr 24, 2024"
09,DJ Babatr,XPansion Move,DJ Babatr,"Apr 24, 2024"
10,4Clubbers,Children,DJ Babatr,"Apr 24, 2024"
11,Faithless,Insomnia,DJ Babatr,"Apr 24, 2024"
01,Sully,Fire,Nectax & Sketchy Rida,"Apr 17, 2024"
02,Orca,Superpod,Nectax & Sketchy Rida,"Apr 17, 2024"
03,AceMo & DJ Swisha,Pinky & The Brain,Nectax & Sketchy Rida,"Apr 17, 2024"
04,Uno Turbo,2 Love,Nectax & Sketchy Rida,"Apr 17, 2024"
05,Nectax,Alyx,Nectax & Sketchy Rida,"Apr 17, 2024"
06,Sun People,It's Yours,Nectax & Sketchy Rida,"Apr 17, 2024"
07,Eram,Fé Em Nóis,Nectax & Sketchy Rida,"Apr 17, 2024"
08,BAMBII,Twitch (Coco Bryce Remix),Nectax & Sketchy Rida,"Apr 17, 2024"
09,Traxman,Am From Chicago (Aquarian Edit),Nectax & Sketchy Rida,"Apr 17, 2024"
10,Client_03,Autonomous Correction,Nectax & Sketchy Rida,"Apr 17, 2024"
11,Philip D Kick,Orbit,Nectax & Sketchy Rida,"Apr 17, 2024"
01,Charli XCX,ID (Boiler Room Edit),Charli XCX,"Mar 28, 2024"
02,Benny Benassi,Satisfaction (Charli Edit),Charli XCX,"Mar 28, 2024"
03,Charli XCX,Vroom Vroom,Charli XCX,"Mar 28, 2024"
04,Britney Spears,Every Time,Charli XCX,"Mar 28, 2024"
05,Charli XCX,ID,Charli XCX,"Mar 28, 2024"
06,Addison Rae Ft Charli XCX,2 Die 4,Charli XCX,"Mar 28, 2024"
07,Charli XCX,The Von Dutch Remix With Addison Rae And A. G. Cook (Remix),Charli XCX,"Mar 28, 2024"
08,A. G. Cook,Britpop (Bratpop Mix),Charli XCX,"Mar 28, 2024"
09,Charli XCX,ID (Www Edit) / Vocals From Lady Gaga - 911 (Charli XCX & A. G. Cook Remix),Charli XCX,"Mar 28, 2024"
10,Charli XCX,ID (Everything Edit),Charli XCX,"Mar 28, 2024"
11,Charli XCX,Party4u (Edit),Charli XCX,"Mar 28, 2024"
01,ID,ID,Arca,"Mar 16, 2024"
02,DJ Travella,Mr Mixondo,Arca,"Mar 16, 2024"
03,Mp El Moyesto,Mestele (BuBuBu),Arca,"Mar 16, 2024"
04,Egytian Empire,The Horn Track,Arca,"Mar 16, 2024"
05,ID,ID,Arca,"Mar 16, 2024"
06,Arca,Think Of,Arca,"Mar 16, 2024"
07,Under the Skin OST,Love,Arca,"Mar 16, 2024"
08,Arca,Hips Dont Lie,Arca,"Mar 16, 2024"
09,Arafat Dağı,Abdurrahman Önül,Arca,"Mar 16, 2024"
10,Emily Glass & Dasychira,We Will Find It,Arca,"Mar 16, 2024"
11,Mary Lou Williams,St. Martin de Porres,Arca,"Mar 16, 2024"
01,Tyrant ft. Slowie,Bristol Riddim,Yemz,"Mar 8, 2024"
02,Melodramatic,Gunshot Bassline,Yemz,"Mar 8, 2024"
03,Fiyahdred,Wining Train,Yemz,"Mar 8, 2024"
04,Dismantle,Molten,Yemz,"Mar 8, 2024"
05,PEDRO,Wasted Tool,Yemz,"Mar 8, 2024"
06,Murder He Wrote,Submarines,Yemz,"Mar 8, 2024"
07,Fonzo ft. Capo Lee,Ring Ring,Yemz,"Mar 8, 2024"
08,Ghoulish,Arc Flash,Yemz,"Mar 8, 2024"
09,TC4,Chopper,Yemz,"Mar 8, 2024"
10,Fonzo & aæe,Bowow,Yemz,"Mar 8, 2024"
11,Stylo G,Call Mi A Yardie (Darama Dub Mix),Yemz,"Mar 8, 2024"
01,More Jakkie Edit,Celetronic,DREA,"Mar 8, 2024"
02,Puto Prata,Tá Bater Ou Não (Ghetto Remix),DREA,"Mar 8, 2024"
03,Karen Nyame KG,The PSA,DREA,"Mar 8, 2024"
04,Brii Edit,Persuasive Money,DREA,"Mar 8, 2024"
05,Kreayshawn,Gucci Gucci (Calm Stiege Bootleg),DREA,"Mar 8, 2024"
06,4B,Gimme The Track (Doo Doo Brown),DREA,"Mar 8, 2024"
07,Bassbear X Ase Manual ft. Wiley,Palomar Refix,DREA,"Mar 8, 2024"
08,Tre Oh Fie ft. DJ Diggem 305,Ride Baby,DREA,"Mar 8, 2024"
09,Kidoo,Tricky,DREA,"Mar 8, 2024"
10,Caru & Micca,Jaywalk,DREA,"Mar 8, 2024"
11,Wilhelmina,Loose,DREA,"Mar 8, 2024"
01,Florence + The Machine,You've Got The Love,Nia Archives,"Mar 8, 2024"
02,Worsleyy & Glinks & Cheetah,Move Ya Body (Cheetah Remix),Nia Archives,"Mar 8, 2024"
03,DJ Sofa & Pete Cannon,My Love For You,Nia Archives,"Mar 8, 2024"
04,ID,ID,Nia Archives,"Mar 8, 2024"
05, Sammy Virji & Flowdan,Shella Verse (Chimpo Bootleg),Nia Archives,"Mar 8, 2024"
06,ID,ID,Nia Archives,"Mar 8, 2024"
07,Nia Archives,Off Wiv Ya Headz,Nia Archives,"Mar 8, 2024"
08,Gwen Stefani,Hollaback Girl,Nia Archives,"Mar 8, 2024"
09,Masters At Work,Work,Nia Archives,"Mar 8, 2024"
10,Adina Howard vs. Vicious,Freaks Like Me,Nia Archives,"Mar 8, 2024"
11,4am Kru,ID,Nia Archives,"Mar 8, 2024"
01,Vini Vici,ID,Vini Vici & Infected Mushroom,"Feb 24, 2024"
02,Infected Mushroom & WHITENO1SE,More Of Just The Same,Vini Vici & Infected Mushroom,"Feb 24, 2024"
03,W&W x Vini Vici,Chakra,Vini Vici & Infected Mushroom,"Feb 24, 2024"
04, W&W x Vini Vici,Chakra (Vini Vici Acid Edit),Vini Vici & Infected Mushroom,"Feb 24, 2024"
05,Infected Mushroom,Symphonatic (Infected Mushroom & Astrix Remix),Vini Vici & Infected Mushroom,"Feb 24, 2024"
06,Hilight Tribe vs. Alchimyst & P.R.O.G.,Free Runes (Vini Vici Mashup),Vini Vici & Infected Mushroom,"Feb 24, 2024"
07, Roman Messer & Somnia,The Edge,Vini Vici & Infected Mushroom,"Feb 24, 2024"
08,Infected Mushroom,I Wish (Skazi Edit),Vini Vici & Infected Mushroom,"Feb 24, 2024"
09,Dimitri Vegas & Like Mike vs. Vini Vici & Liquid Soul,Untz Untz,Vini Vici & Infected Mushroom,"Feb 24, 2024"
10, Dimitri Vegas & Like Mike vs. Vini Vici & Liquid Soul,Untz Untz (Coone Remix),Vini Vici & Infected Mushroom,"Feb 24, 2024"
11,Infected Mushroom,Becoming Insane (Warriors Remix),Vini Vici & Infected Mushroom,"Feb 24, 2024"
01,Elektrochemie LK,Schall (Thomas Schumacher Remix),Estella Boersma,"Feb 22, 2024"
02,Oliver Rosemann,Dylan Octave,Estella Boersma,"Feb 22, 2024"
03,Mauro Picotto,Baguette,Estella Boersma,"Feb 22, 2024"
04,Alloy Mental,I Am,Estella Boersma,"Feb 22, 2024"
01,DjRUM,"Showreel, Pt.3",Daria Kolosova,"Feb 22, 2024"
02,Dax J,Celestial Dub,Daria Kolosova,"Feb 22, 2024"
03,ID,ID,Daria Kolosova,"Feb 22, 2024"
04,ID,ID,Daria Kolosova,"Feb 22, 2024"
05,ID,ID,Daria Kolosova,"Feb 22, 2024"
06,ID,ID,Daria Kolosova,"Feb 22, 2024"
07,The Chemical Brothers,Do It Again,Daria Kolosova,"Feb 22, 2024"
08,Marco Bailey,Falak,Daria Kolosova,"Feb 22, 2024"
09,ID,ID,Daria Kolosova,"Feb 22, 2024"
10,ID,ID,Daria Kolosova,"Feb 22, 2024"
11,Non Cyclic,Nothing Left,Daria Kolosova,"Feb 22, 2024"
01,Fatigado,D'outros tipos,Nazar,"Jan 31, 2024"
02,Fatigado,Toques de terror,Nazar,"Jan 31, 2024"
03,P. Adrix,Abertura da roda,Nazar,"Jan 31, 2024"
04,ID,ID,Nazar,"Jan 31, 2024"
05,ID,ID,Nazar,"Jan 31, 2024"
06,Nazar,Diverted,Nazar,"Jan 31, 2024"
07,DJ K,Beat distorce mente,Nazar,"Jan 31, 2024"
08,ID,ID,Nazar,"Jan 31, 2024"
09,ID,ID,Nazar,"Jan 31, 2024"
10,DJ Marfox,2685,Nazar,"Jan 31, 2024"
11,ID,ID,Nazar,"Jan 31, 2024"
01,RL Grime & Juelz vs. Dimitri Vegas & Like Mike vs. Fred again.. vs. French Montana,Breach vs. Generation X vs. Jungle vs. Pop That (RL Grime Live Edit),RL Grime,"Nov 11, 2023"
02,RL Grime & ISOxo vs. 070 Shake,Jewel vs. Pour Your Heart Out vs. Because Of U (RL Grime Live Edit),RL Grime,"Nov 11, 2023"
03,Deadcrow,ID,RL Grime,"Nov 11, 2023"
04, Fatboy Slim,"Right Here, Right Now (Acapella)",RL Grime,"Nov 11, 2023"
05, Gammer,The Drop,RL Grime,"Nov 11, 2023"
06,RL Grime & Nero vs. Bastille vs. Juelz,Renegade VIP vs. Core vs. Pompeii vs. High Octane (RL Grime Live Edit),RL Grime,"Nov 11, 2023"
07,G Jones,In Your Head (RL Grime Edit / CELO & 808gong Remix),RL Grime,"Nov 11, 2023"
08,Turnstile vs. RL Grime,Blackout vs. Era (Ookay & RL Grime Edit),RL Grime,"Nov 11, 2023"
09,Nero,Promises (Skrillex & Nero Remix),RL Grime,"Nov 11, 2023"
10, RL Grime,Scylla (SLICK Edit),RL Grime,"Nov 11, 2023"
11,Riton & Kah,Lo - Fake ID,RL Grime,"Nov 11, 2023"
01,Binary Finary,1998 (KayCee Remix),Romy,"Nov 2, 2023"
02, Ariana Grande,Into You (Acapella),Romy,"Nov 2, 2023"
03,Camisra,Let Me Show You,Romy,"Nov 2, 2023"
04,Delerium ft. Sarah McLachlan,Silence (Tiësto In Search Of Sunrise Remix),Romy,"Nov 2, 2023"
05, Calvin Harris ft. Rihanna,This Is What You Came For (Acapella),Romy,"Nov 2, 2023"
06,Agnelli & Nelson,Everyday,Romy,"Nov 2, 2023"
07,Fragma,Toca Me,Romy,"Nov 2, 2023"
08, Kings Of Tomorrow ft. Julie McKnight,Finally,Romy,"Nov 2, 2023"
09,The Course,Killing Me Softly,Romy,"Nov 2, 2023"
10,The xx,On Hold (Jamie XX Remix),Romy,"Nov 2, 2023"
11,System F,Out Of The Blue,Romy,"Nov 2, 2023"
01,Linguini ft. Well,Beagrime,Jesse B,"Oct 26, 2023"
02,Silencer & Jme,Matrix Nokia,Jesse B,"Oct 26, 2023"
03,Wantigga,Shabba (Wantigga Remix),Jesse B,"Oct 26, 2023"
04,Puterrier ft. Borges,Marolento (prod. Heavy Baile),Jesse B,"Oct 26, 2023"
05,Arma,Forward Tool,Jesse B,"Oct 26, 2023"
06,"Moonshine, DJ N.K.",Daftbeat,Jesse B,"Oct 26, 2023"
07,Linguini,ID,Jesse B,"Oct 26, 2023"
08,"Kyan, Mu540",Fantástico Mundo da Oakley,Jesse B,"Oct 26, 2023"
09,Crosstalk,MAMADA DUB,Jesse B,"Oct 26, 2023"
10,VHOOR ft. D.A.N.V,Toma,Jesse B,"Oct 26, 2023"
11,DJ BIEL,Luzes e Flashes Remix (unreleased),Jesse B,"Oct 26, 2023"
01,Chuck Upbeat,Gostosa,Peroli,"Oct 26, 2023"
02,Redineas,Conto do Bates,Peroli,"Oct 26, 2023"
03,Dusty Dan,Man Cares,Peroli,"Oct 26, 2023"
04,Royal T,Tokyo Dub,Peroli,"Oct 26, 2023"
05,Neeiv,Dior Riddim,Peroli,"Oct 26, 2023"
06,808 Luke,Fluxo da Eve,Peroli,"Oct 26, 2023"
07,Dj Sandrinho,Berimbau,Peroli,"Oct 26, 2023"
08,Hamdi,Counting,Peroli,"Oct 26, 2023"
09,Crazed BR,Baile do Brabo,Peroli,"Oct 26, 2023"
10,MC Bin Laden,Bololo Haha,Peroli,"Oct 26, 2023"
11,Viana,Robozao Riddim,Peroli,"Oct 26, 2023"
01,GUTTERRING,MELÔ DO YEAH,MJ Nebreda,"Oct 25, 2023"
02,Linapary,Sadunguero Baila,MJ Nebreda,"Oct 25, 2023"
03,"MJ Nebreda, DJ Babatr",Frida Kahlo (Raptor Groove Remix),MJ Nebreda,"Oct 25, 2023"
04,"MJ Nebreda, DJ Babatr, Yung Iverson",Frida Kahlo,MJ Nebreda,"Oct 25, 2023"
05,Dj Mon8,Calentura Vaginal,MJ Nebreda,"Oct 25, 2023"
06,Yair Erre,"My Neck, My Back",MJ Nebreda,"Oct 25, 2023"
07,Chuwe,MY DJ,MJ Nebreda,"Oct 25, 2023"
08,Nick Leon,Hillary Duff - Come Clean (Nick León 140 mix),MJ Nebreda,"Oct 25, 2023"
09,"MJ Nebreda, Mussa Medusa",Teta,MJ Nebreda,"Oct 25, 2023"
10,"MJ Nebreda, La Venek",Belmont y el Gloss,MJ Nebreda,"Oct 25, 2023"
11,DJ Cobra,Vamos a Bellakear,MJ Nebreda,"Oct 25, 2023"
01,Hepta,OCTUBRXLIBRV,Merca Bae,"Oct 25, 2023"
02,Entrañas,Remolino,Merca Bae,"Oct 25, 2023"
03,Merca Bae,Volteo,Merca Bae,"Oct 25, 2023"
04,Cimarrón,Chorrito,Merca Bae,"Oct 25, 2023"
05,Entrañas,Brujería,Merca Bae,"Oct 25, 2023"
06,Merca Bae,Morder,Merca Bae,"Oct 25, 2023"
07,SIM,Bad Con Riddim,Merca Bae,"Oct 25, 2023"
08,SIM,Razor Crest,Merca Bae,"Oct 25, 2023"
09,Swimful,Viatica,Merca Bae,"Oct 25, 2023"
10,OCTUBRXLIBRV,33 CÍRCULOS,Merca Bae,"Oct 25, 2023"
11,Haraka Kiko,Peine de 30,Merca Bae,"Oct 25, 2023"
01,Hardwell & Olly James vs. Bruno Mars,Seduction Locked Out Of Heaven (Hardwell Mashup),Olly James,"Oct 20, 2023"
02,Hardwell & W&W ft. Fatman Scoop,Don't Stop The Madness (Hardwell Rework),Olly James,"Oct 20, 2023"
03,ID,ID,Olly James,"Oct 20, 2023"
04,Hardwell & Olly James vs. Hardwell vs. Avicii & Ras,Flatline vs. Spaceman vs. The Nights (Hardwell Mashup),Olly James,"Oct 20, 2023"
05,Kevin D'Angello,Space Train,Olly James,"Oct 20, 2023"
06, Dikke Baap & Natte Visstick,Ik Trip 'M,Olly James,"Oct 20, 2023"
07,Coldplay,Viva La Vida (Hardwell & Olly James Bootleg),Olly James,"Oct 20, 2023"
08,Dimitri Vegas & MOGUAI & Like Mike,Mammoth (Trey Pearce Remix),Olly James,"Oct 20, 2023"
09,DJ KUBA & NEITAN & Rudeejay,Sandstorm,Olly James,"Oct 20, 2023"
10, Kid Cudi,Day 'n' Nite (Acapella),Olly James,"Oct 20, 2023"
11, Blasterjaxx,Fifteen (Acapella),Olly James,"Oct 20, 2023"
01,Nick Havsen & RAYVEN & ALEJANDRO,Big Room Army,Nick Havsen,"Oct 19, 2023"
02,ID,ID,Nick Havsen,"Oct 19, 2023"
03,ID,ID,Nick Havsen,"Oct 19, 2023"
04, Age Of Love,The Age Of Love (Charlotte de Witte & Enrico Sangiuliano Remix),Nick Havsen,"Oct 19, 2023"
05,Justin Prime & Nick Havsen,Nexchapter,Nick Havsen,"Oct 19, 2023"
06,Nick Havsen,ID,Nick Havsen,"Oct 19, 2023"
07, John Summit ft. Hayla,Where You Are,Nick Havsen,"Oct 19, 2023"
08,ID,ID,Nick Havsen,"Oct 19, 2023"
09,ID,ID,Nick Havsen,"Oct 19, 2023"
10,ID,ID,Nick Havsen,"Oct 19, 2023"
11,Nick Havsen,ID,Nick Havsen,"Oct 19, 2023"
01,KELVIN MOMO,SUMMERTIME (REVISIT),TXC,"Oct 18, 2023"
02,Teraphonique & DNZL444,Mob Ties,TXC,"Oct 18, 2023"
01,Koffee,Toast (Clipz Remix),Andre Power,"Oct 18, 2023"
02,T2,HEARTBROKEN (DREADNAUGHT VIP),Andre Power,"Oct 18, 2023"
03,Skepta,That's Not Me,Andre Power,"Oct 18, 2023"
04,Lil Silva,Seasons (Bouyon Mix),Andre Power,"Oct 18, 2023"
05,Junior Reid,One Blood (SMP Remix),Andre Power,"Oct 18, 2023"
06,TNGHT,HIGHER GROUND (FUZZ JERSEY EDIT),Andre Power,"Oct 18, 2023"
07,CHAMOS,Im 'A Milli' Boss (CHAMOS & Soulely Edit),Andre Power,"Oct 18, 2023"
08,T,Pain - All I Do Is Win (Remix),Andre Power,"Oct 18, 2023"
09,Machel Montano,Bunji Garlin - Famalay,Andre Power,"Oct 18, 2023"
10,The Soca Boys,Follow the Leader,Andre Power,"Oct 18, 2023"
11,Pinkpanthress ft Ice Spice,Boys A Liar Pt2 - (TS & Foureyes Literally Not Sorry Mix),Andre Power,"Oct 18, 2023"
01,The KLF & The Justified Ancients Of Mu Mu,Philadelphia To Baltimore,Gallegos,"Oct 14, 2023"
02,Lil' Louis,French Kiss (The Songbird Sings Long Vocal Mix),Gallegos,"Oct 14, 2023"
03,Samuel L. Session,Can You Relate (Steve Rachmad Remix),Gallegos,"Oct 14, 2023"
04,Chris Cowie,Datum-1,Gallegos,"Oct 14, 2023"
05,Club Cab,What I Want,Gallegos,"Oct 14, 2023"
06,Hhyden,Push It,Gallegos,"Oct 14, 2023"
07,Cult,Rate Da Flow,Gallegos,"Oct 14, 2023"
08,Ferdinger,Urge,Gallegos,"Oct 14, 2023"
09,ENNIO,Gunung Padang,Gallegos,"Oct 14, 2023"
10,Ttalfelt,Memories,Gallegos,"Oct 14, 2023"
11,Vromo,Pump The Rhythm,Gallegos,"Oct 14, 2023"
01,Amor Satyr,Transfer,LOKA,"Oct 11, 2023"
02,Nene H,Beast,LOKA,"Oct 11, 2023"
03,Kontronatura,BIYI,LOKA,"Oct 11, 2023"
04,Maureen,Bend Down (Prod. Mikado),LOKA,"Oct 11, 2023"
05,Keppra 500,Lacchesi,LOKA,"Oct 11, 2023"
06,Tassid & Eski,Instructions (Who Dis Remix),LOKA,"Oct 11, 2023"
07,Hadone,Hate After Midnight,LOKA,"Oct 11, 2023"
08,Teh Climax,Body Land,LOKA,"Oct 11, 2023"
09,Siu Mata,Young Wolf - Kabuki (Siu Mata Remix),LOKA,"Oct 11, 2023"
10,X,Dream - Superintelligence,LOKA,"Oct 11, 2023"
11,Klud,Babe Cries At Night,LOKA,"Oct 11, 2023"
01,WTCHCRFT,TRUST IN THE MACHINE,Marie Davidson,"Oct 6, 2023"
02,Emily Jeanne,Blue Dawn,Marie Davidson,"Oct 6, 2023"
03,Swart,Fractal Echoes,Marie Davidson,"Oct 6, 2023"
04,ID,ID,Marie Davidson,"Oct 6, 2023"
05,Sully,Werk,Marie Davidson,"Oct 6, 2023"
06,ID,ID,Marie Davidson,"Oct 6, 2023"
07,Ayako Mori ft. Raul Alvarez,La Gitana (360 Mix),Marie Davidson,"Oct 6, 2023"
08,Alignment,Close Your Eyes,Marie Davidson,"Oct 6, 2023"
09,Lestrange & Benefice,Witch Doctor,Marie Davidson,"Oct 6, 2023"
10,Kendal,Basorexia (Italo Trance Mix),Marie Davidson,"Oct 6, 2023"
11,Bitter Babe,Nadie Lo Puede Parar,Marie Davidson,"Oct 6, 2023"
01,Infected Mushroom,Liquid Smoke (Shanti vs. DeeDRAh Remix),Infected Mushroom,"Oct 3, 2023"
02,Infected Mushroom,Guitarmass,Infected Mushroom,"Oct 3, 2023"
03,Infected Mushroom ft. Kelsey Karter,Now Is Gold,Infected Mushroom,"Oct 3, 2023"
04,Infected Mushroom,Head Of NASA,Infected Mushroom,"Oct 3, 2023"
01,Chase & Status & Mozey ft. Sav'o & Horrid1,On The Block,Chase & Status,"Sep 16, 2023"
02,ID,ID,Chase & Status,"Sep 16, 2023"
03,Chase & Status ft. Burro Banton,Delete,Chase & Status,"Sep 16, 2023"
04,T>I,Dye Migration (Serum Remix),Chase & Status,"Sep 16, 2023"
05,Chase & Status ft. Popcaan & IRAH,Censor (VIP),Chase & Status,"Sep 16, 2023"
06,Mtox & Evoke,Listen Up,Chase & Status,"Sep 16, 2023"
07, Watch The Ride & Nia Archives,Mashup The Dance (Kings Of The Rollers Remix),Chase & Status,"Sep 16, 2023"
08,CHASE & Status & Hedex ft. Arrdee,Liquor & Cigarettes,Chase & Status,"Sep 16, 2023"
09,ID,ID,Chase & Status,"Sep 16, 2023"
10, Bou ft. B Live,F*ck Jump Up,Chase & Status,"Sep 16, 2023"
11,Chase & Status ft. Cutty Ranks,Retreat2018,Chase & Status,"Sep 16, 2023"
01,James Blake,I Want To You Know,James Blake,"Sep 16, 2023"
02,One Acen,Vice Versa (James Blake Remix),James Blake,"Sep 16, 2023"
03,James Blake,Let Her Know (CMYK Edit),James Blake,"Sep 16, 2023"
04,Roddy Ricch,The Box (James Blake Edit),James Blake,"Sep 16, 2023"
05,187 Lockdown,Gunman,James Blake,"Sep 16, 2023"
06,Sizzla,Run Out Pon Dem,James Blake,"Sep 16, 2023"
07,MC Jajau,Balança A Glock,James Blake,"Sep 16, 2023"
08,Lil Uzi Vert ft. Snow Strippers,Fire Alarm,James Blake,"Sep 16, 2023"
09,James Blake,Loading,James Blake,"Sep 16, 2023"
10,Joy Orbison & Overmono,Bromley,James Blake,"Sep 16, 2023"
11,DJ Jayhood,Heartbroken,James Blake,"Sep 16, 2023"
01,ID,ID,Andromedik,"Sep 13, 2023"
02,Chaos In The CBD,Green Dove,Andromedik,"Sep 13, 2023"
03,ID,ID,Andromedik,"Sep 13, 2023"
04,Haggle And America,Perfect ABS,Andromedik,"Sep 13, 2023"
05,Known Artist,Get Up (Club Mix),Andromedik,"Sep 13, 2023"
06,ID,ID,Andromedik,"Sep 13, 2023"
07,L.E.D.,Wish - Inferno Mix,Andromedik,"Sep 13, 2023"
08,ID,ID,Andromedik,"Sep 13, 2023"
09,Bass Bumpers,Runnin' (Marvellous Trance Mix),Andromedik,"Sep 13, 2023"
10,ID,ID,Andromedik,"Sep 13, 2023"
11,ID,ID,Andromedik,"Sep 13, 2023"
01,ADAM F,Circles (7'' Edit),Joe Kay,"Sep 1, 2023"
02,Wizkid ft tiwa savage,dis love,Joe Kay,"Sep 1, 2023"
03,"Sere (Dave Nunes, Jailo, CHAMOS, Kooldrink Remix)",,Joe Kay,"Sep 1, 2023"
04,Wreckx N Effect,Rump Shaker,Joe Kay,"Sep 1, 2023"
05,Teejay,Drift mixed with Mnike by Tyler ICU,Joe Kay,"Sep 1, 2023"
06,VANYFOX,Intro do Hamza,Joe Kay,"Sep 1, 2023"
07,Surreal Sessions X Snev X Sambeazy,Heartbeat Running,Joe Kay,"Sep 1, 2023"
08,Kendrick Lamar,Don't Kill My Vibe (osive edit),Joe Kay,"Sep 1, 2023"
09,Capo Lee,Liff,Joe Kay,"Sep 1, 2023"
10,Chris Brown,Poppin,Joe Kay,"Sep 1, 2023"
11,Drake,Yves Slatt Laurent,Joe Kay,"Sep 1, 2023"
01,Jlin,Blue i,Emma Korantema,"Aug 27, 2023"
02,bambinodj,august fdm,Emma Korantema,"Aug 27, 2023"
03,NKC,Strak,Emma Korantema,"Aug 27, 2023"
04,Kofi Nti & Ofori Amponsah,Odo Nwom (Ethan Tomas Amapiano Remix),Emma Korantema,"Aug 27, 2023"
05,Missy Elliott,Pass That Dutch (Mr Jennings Flip),Emma Korantema,"Aug 27, 2023"
06,Pasquinel,Da Rockwilder Edit,Emma Korantema,"Aug 27, 2023"
07,Lamsi & VON DI,ROCKWILDER BUBBLIN,Emma Korantema,"Aug 27, 2023"
08,Babes Wodumo ft. Que DJ & Skillz & Zuri,No No,Emma Korantema,"Aug 27, 2023"
09,Obeka,Swazi Oye',Emma Korantema,"Aug 27, 2023"
10,"Novelist, DJ Lag",Bulldozer (Original Mix),Emma Korantema,"Aug 27, 2023"
11,Moderat,DRUM GLOW (DJ Lag Remix),Emma Korantema,"Aug 27, 2023"
01,Chimpo,Murda Boy,Angelita,"Aug 27, 2023"
02,Atodamadre,big45,Angelita,"Aug 27, 2023"
03,NirBorna,Plexus,Angelita,"Aug 27, 2023"
04,Vv Pete & Utility,Jordan 1s,Angelita,"Aug 27, 2023"
05,Rassan,Up To No Good,Angelita,"Aug 27, 2023"
06,Ghetts,YouDunKnow Already,Angelita,"Aug 27, 2023"
07,King Doudou,Dj Augmente le Son,Angelita,"Aug 27, 2023"
08,Antonio Vercetii,BRAZILIAN FUNK,Angelita,"Aug 27, 2023"
09,BFJ,Dengue,Angelita,"Aug 27, 2023"
10,Carpainter,Pointed,Angelita,"Aug 27, 2023"
11,Amadeezy,Go Berserk (EL PLVYBXY Remix),Angelita,"Aug 27, 2023"
01,Andromedik,Live Intro,Andromedik,"Aug 17, 2023"
02, Andromedik & Used,Take Me,Andromedik,"Aug 17, 2023"
03,Netsky & David Guetta,Ice Cold,Andromedik,"Aug 17, 2023"
04,Andromedik,Forever,Andromedik,"Aug 17, 2023"
05,Maduk ft. Logistics,Solarize,Andromedik,"Aug 17, 2023"
06,Sub Focus & Dimension ft. RAYE,Desire,Andromedik,"Aug 17, 2023"
07,Danny Byrd ft. I,Kay - Ill Behaviour,Andromedik,"Aug 17, 2023"
08,Andromedik ft. RIENK,I See You,Andromedik,"Aug 17, 2023"
09,Metrik ft. Reija Lee,Cadence (VIP),Andromedik,"Aug 17, 2023"
10,Netsky,Without You,Andromedik,"Aug 17, 2023"
11,Kanine,Set It Off,Andromedik,"Aug 17, 2023"
01,Marlon Hoffstadt,It's That Time,Marlon Hoffstadt,"Aug 15, 2023"
02,ID,ID,Marlon Hoffstadt,"Aug 15, 2023"
03,Reel 2 Real ft. The Mad Stuntman,I Like To Move It,Marlon Hoffstadt,"Aug 15, 2023"
04,ID,ID,Marlon Hoffstadt,"Aug 15, 2023"
05,P.Vanillaboy & penglord & Malugi,Get Funky,Marlon Hoffstadt,"Aug 15, 2023"
06,Club Caviar,Speed It Up (Dr. Bounce Remix),Marlon Hoffstadt,"Aug 15, 2023"
07,ID,ID,Marlon Hoffstadt,"Aug 15, 2023"
08,BK,Revolution,Marlon Hoffstadt,"Aug 15, 2023"
09,ID,ID,Marlon Hoffstadt,"Aug 15, 2023"
10,Janis Zielinski & Malugi,Take It Back (Right Now),Marlon Hoffstadt,"Aug 15, 2023"
11,Drake,Hotline Bling (Marlon Hoffstadt Edit),Marlon Hoffstadt,"Aug 15, 2023"
01,ID,ID,Nico Moreno,"Aug 5, 2023"
02,ID,ID,Nico Moreno,"Aug 5, 2023"
03,ID,ID,Nico Moreno,"Aug 5, 2023"
04,NineTed,Feet Down,Nico Moreno,"Aug 5, 2023"
05,CARV,Frankfurt Bahnhofsviertel,Nico Moreno,"Aug 5, 2023"
06,CARV,Masked Rules,Nico Moreno,"Aug 5, 2023"
07,ID,ID,Nico Moreno,"Aug 5, 2023"
08,ID,ID,Nico Moreno,"Aug 5, 2023"
09,Juul Exler & Gabrielle Rites,Phantom Dancer,Nico Moreno,"Aug 5, 2023"
10,ROTURA XXL,Never Dies,Nico Moreno,"Aug 5, 2023"
11,Alex Farell,Dancefloor Murderer,Nico Moreno,"Aug 5, 2023"
01,Italcimenti,Also Sprach Zarathustra,The Blessed Madonna,"Jul 22, 2023"
02,Dance System & Boston Bun,Megamix,The Blessed Madonna,"Jul 22, 2023"
03,K Man,Blow (Scottie B Edit),The Blessed Madonna,"Jul 22, 2023"
04,Paul Johnson,Feel My M.F. Bass,The Blessed Madonna,"Jul 22, 2023"
05,Felix Da Housecat,Kickdrum,The Blessed Madonna,"Jul 22, 2023"
06,David Bowie,I'm Afraid Of Americans (Nine Inch Nails V1 Mix),The Blessed Madonna,"Jul 22, 2023"
07,Jammin The House Gerald,Hold Up,The Blessed Madonna,"Jul 22, 2023"
08,The Blessed Madonna,Carry Me Higher,The Blessed Madonna,"Jul 22, 2023"
09,Thumpasaurus,Struttin',The Blessed Madonna,"Jul 22, 2023"
10,ID,ID,The Blessed Madonna,"Jul 22, 2023"
11,Mark Broom,Late Night Rave Muncher (Tribal Mix),The Blessed Madonna,"Jul 22, 2023"
01,DJ Heartstring,Vision Of Ecstasy,DJ Heartstring,"Jun 28, 2023"
02,DJ Heartstring,Hard 2 Say Goodbye,DJ Heartstring,"Jun 28, 2023"
03,DJ Heartstring,Tool 01,DJ Heartstring,"Jun 28, 2023"
04,DJ Heartstring,Can't Stop The Night,DJ Heartstring,"Jun 28, 2023"
05,DJ Heartstring & Narciss,While U Sleep,DJ Heartstring,"Jun 28, 2023"
06,DJ Heartstring & Funk Tribu,New Dimensions,DJ Heartstring,"Jun 28, 2023"
07,DJ Heartstring,First Day Out,DJ Heartstring,"Jun 28, 2023"
08,DJ Heartstring,Still Need U,DJ Heartstring,"Jun 28, 2023"
09,DJ Heartstring,Let You Go,DJ Heartstring,"Jun 28, 2023"
10,DJ Heartstring & Southstar,Don't Stop,DJ Heartstring,"Jun 28, 2023"
11,DJ Heartstring & Narciss,Heartbreak Repair System,DJ Heartstring,"Jun 28, 2023"
01,Black Legend,You See the Trouble With Me (J-Reverse Mix 2012 Rebounce),Channel Tres,"Jun 9, 2023"
02,Johnny Fiasco,Hot (Maxx Renn Vocal Mix),Channel Tres,"Jun 9, 2023"
03,Mood II Swing,Driving Me Crazy,Channel Tres,"Jun 9, 2023"
04,Harry Romero,Night @ The Black (Phil Weeks Ghetto Dub),Channel Tres,"Jun 9, 2023"
05,Waajeed,Right Now,Channel Tres,"Jun 9, 2023"
06,Bobby Womack,Love Is Gonna Lift You Up (Julio Bashmore Remix),Channel Tres,"Jun 9, 2023"
07,Mr. Tony Technics,Keep Me Moving,Channel Tres,"Jun 9, 2023"
08,ID,ID,Channel Tres,"Jun 9, 2023"
09,Gotta ft. Tiana,Daddy Is Home (Harry Romero Remix),Channel Tres,"Jun 9, 2023"
10,Honey Dijon & Channel Tres ft. Sadie Walker,Show Me Some Love,Channel Tres,"Jun 9, 2023"
11,Redsoul,Born Again,Channel Tres,"Jun 9, 2023"
01,Eliza Rose,Take You There,Eliza Rose,"Jun 3, 2023"
02,Jakeshoredrive,Hectic,Eliza Rose,"Jun 3, 2023"
03,ID,ID,Eliza Rose,"Jun 3, 2023"
04,ID,ID,Eliza Rose,"Jun 3, 2023"
05,FLO ft. Missy Elliott,Fly Girl (Eliza Rose Remix),Eliza Rose,"Jun 3, 2023"
06,Alicia Keys,No One (Mr Stu & Warr Bassline Mix),Eliza Rose,"Jun 3, 2023"
07,Josh Coakley,Ain't Got Time,Eliza Rose,"Jun 3, 2023"
08,Big Ang,Locked Up,Eliza Rose,"Jun 3, 2023"
09,ID,ID,Eliza Rose,"Jun 3, 2023"
10,DJ ADHD,Wobble 4x4,Eliza Rose,"Jun 3, 2023"
11,Hudson Mohawke & Nikki Nair,Set The Roof,Eliza Rose,"Jun 3, 2023"
01,TAFKAMP,Friestalig,KETTAMA,"Jun 3, 2023"
02,Ned Bennett,Freestyle,KETTAMA,"Jun 3, 2023"
03,ID,ID,KETTAMA,"Jun 3, 2023"
04,Mall Grab,Say Nothing,KETTAMA,"Jun 3, 2023"
05,KETTAMA,Feeling Emotions,KETTAMA,"Jun 3, 2023"
06,KETTAMA,Feeling Emotions (KETTAMA Ard House Remix),KETTAMA,"Jun 3, 2023"
07,KETTAMA,ROK DA HOUSE!,KETTAMA,"Jun 3, 2023"
08,ID,ID,KETTAMA,"Jun 3, 2023"
09,DJ Shorty & DJ Brownin,Friction,KETTAMA,"Jun 3, 2023"
10,Musical Mob,Pulse X,KETTAMA,"Jun 3, 2023"
11,KETTAMA & Ewan McVicar,ID,KETTAMA,"Jun 3, 2023"
01,Nes X 206,Good Time,Sarah Story,"May 21, 2023"
02,Mike Delgado,Dance,Sarah Story,"May 21, 2023"
03,Wallace,Breaking Up,Sarah Story,"May 21, 2023"
04,Angelo Ferreri,Beginners,Sarah Story,"May 21, 2023"
05,Not Enough Soul,No Invite Needed,Sarah Story,"May 21, 2023"
06,Matrefakt,Quad,Sarah Story,"May 21, 2023"
07,DJLMP,Blow Your Mind,Sarah Story,"May 21, 2023"
08,Sarah Story,Another,Sarah Story,"May 21, 2023"
09,Lyric,Let Me Tell You (Dub Mix),Sarah Story,"May 21, 2023"
10,William Kiss,Like This,Sarah Story,"May 21, 2023"
11,Mella Dee,Highfields,Sarah Story,"May 21, 2023"
01,ID,ID,Denis Sulta,"May 21, 2023"
02,9th House,Reuben,Denis Sulta,"May 21, 2023"
03,Monkey Punch,Purception,Denis Sulta,"May 21, 2023"
04,Lil' Mo' Yin Yang,Reach (Mark Knight Remix),Denis Sulta,"May 21, 2023"
05,Jesse Maas,Gross Weight,Denis Sulta,"May 21, 2023"
06,ID,ID,Denis Sulta,"May 21, 2023"
07,Jasper Street Company,Another Day,Denis Sulta,"May 21, 2023"
08,ID,ID,Denis Sulta,"May 21, 2023"
09,Sebastian Ingrosso & John Dahlbäck,Lick My Deck,Denis Sulta,"May 21, 2023"
10,ID,ID,Denis Sulta,"May 21, 2023"
11,Flashmob & Lexa Hill,What,Denis Sulta,"May 21, 2023"
01,Floating Points,Birth 4000,Tiga,"Mar 9, 2023"
02,Tiga & Hudson Mohawke,Untitled Codename Rimini,Tiga,"Mar 9, 2023"
03,Decius,Hashtag Booty Finger,Tiga,"Mar 9, 2023"
04,MANT,What You Think,Tiga,"Mar 9, 2023"
05,Tiga,ECSTACY SURROUNDS ME,Tiga,"Mar 9, 2023"
06,Miss Kittin & The Hacker,Ostbahnhof,Tiga,"Mar 9, 2023"
07,Tiga & Hudson Mohawke ft. Channel Tres,Feel The Rush,Tiga,"Mar 9, 2023"
08,Front 242,Headhunter Vol. 1.0,Tiga,"Mar 9, 2023"
09,Disfreq,Como,Tiga,"Mar 9, 2023"
10,Faxid,Faxman,Tiga,"Mar 9, 2023"
11,Tiga & Hudson Mohawke,BUYBUYSELL,Tiga,"Mar 9, 2023"
01,Calibre,Stunted,Calibre,"Feb 1, 2023"
02,Calibre,Dumb Bum,Calibre,"Feb 1, 2023"
03,Calibre & DRS,White Horses,Calibre,"Feb 1, 2023"
04,Calibre,The Game,Calibre,"Feb 1, 2023"
05,Calibre,Years,Calibre,"Feb 1, 2023"
06,Calibre,Cousin,Calibre,"Feb 1, 2023"
07,DRS ft. Calibre,This Ain't Love,Calibre,"Feb 1, 2023"
08,Calibre,Unsown,Calibre,"Feb 1, 2023"
09,Calibre & Jet Li,Black Mountain,Calibre,"Feb 1, 2023"
10,Dogger & Mindstate ft. Liam Bailey,Broken Home (Calibre Remix),Calibre,"Feb 1, 2023"
11,Calibre,No Stopping,Calibre,"Feb 1, 2023"
01,Lenzman & Redeyes,High & Low (Zero T Remix),Lenzman,"Feb 1, 2023"
02,Lovescene ft. Fox,Silver (Lenzman Remix),Lenzman,"Feb 1, 2023"
03,Zero T & Onj ft. Mercy's Cartel,Love Thing,Lenzman,"Feb 1, 2023"
04,Walk:r,Mirrors,Lenzman,"Feb 1, 2023"
05,Drake ft. Travis Scott,Fair Trade (SATL Flip),Lenzman,"Feb 1, 2023"
06,Redeyes,Keith Sweat,Lenzman,"Feb 1, 2023"
07,Shy FX & T Power,Everything (Ill Logic & DJ Raf Remix),Lenzman,"Feb 1, 2023"
08,Visages,Love Conspiration,Lenzman,"Feb 1, 2023"
09,FD,Top2Bottom (Roller) (VIP),Lenzman,"Feb 1, 2023"
10,GLXY,New Soul (Lenzman Remix),Lenzman,"Feb 1, 2023"
11,Lenzman & Redeyes ft. Private Joy,Playing It Off,Lenzman,"Feb 1, 2023"
01,Jasper Tygner,92,HANA - HANA ROOM 2.0,"Jan 20, 2023"
02,Format aka Orlando Voorn,Solid Session (Joris Voorn Remix),HANA - HANA ROOM 2.0,"Jan 20, 2023"
03,Metodi Hristov,Through My Skin,HANA - HANA ROOM 2.0,"Jan 20, 2023"
04,Shi,Take - (In The Age Of) Perfect Virtue (Full Moon Over Maduri Club Mix),HANA - HANA ROOM 2.0,"Jan 20, 2023"
05,Estiva,Rays,HANA - HANA ROOM 2.0,"Jan 20, 2023"
06,Simon Doty & Marsh,Touch The Sky,HANA - HANA ROOM 2.0,"Jan 20, 2023"
07,Gat Decor,Passion (Naked Mix),HANA - HANA ROOM 2.0,"Jan 20, 2023"
08,My Friend,Came Here For Love,HANA - HANA ROOM 2.0,"Jan 20, 2023"
09,Durante & HANA,Starglow,HANA - HANA ROOM 2.0,"Jan 20, 2023"
10,Colyn,Wait For You,HANA - HANA ROOM 2.0,"Jan 20, 2023"
11,RÜFÜS DU SOL,On My Knees (Cassian Remix),HANA - HANA ROOM 2.0,"Jan 20, 2023"
01,Fred again..,Hannah (The Sun),Skrillex & Fred again.. & Four Tet,"Jan 5, 2023"
02,Romy & Fred again..,Strong,Skrillex & Fred again.. & Four Tet,"Jan 5, 2023"
03,Fred again..,Kammy (Like I Do),Skrillex & Fred again.. & Four Tet,"Jan 5, 2023"
04,El Alfa x CJ x El Cherry Scom,La Mamá de la Mamá,Skrillex & Fred again.. & Four Tet,"Jan 5, 2023"
05,Central Cee,Retail Therapy,Skrillex & Fred again.. & Four Tet,"Jan 5, 2023"
06,A$AP Rocky ft. Skrillex & Birdy Nam Nam,Wild For The Night,Skrillex & Fred again.. & Four Tet,"Jan 5, 2023"
07,Kendrick Lamar,HUMBLE. (Skrillex Remix),Skrillex & Fred again.. & Four Tet,"Jan 5, 2023"
08, Skrillex & Rick Ross,Purple Lamborghini,Skrillex & Fred again.. & Four Tet,"Jan 5, 2023"
09,Adam F,Circles (Pola & Bryson Bootleg),Skrillex & Fred again.. & Four Tet,"Jan 5, 2023"
10,Skrillex & Noisia & Josh Pan & Dylan Brady,Supersonic (My Existence),Skrillex & Fred again.. & Four Tet,"Jan 5, 2023"
11,"Skrillex, Fred again.. & Flowdan",Rumble (Chris Lake Remix),Skrillex & Fred again.. & Four Tet,"Jan 5, 2023"
01,Tom & Jerry,The One Reason,Coco Bryce,"Nov 25, 2022"
02,ID,ID,Coco Bryce,"Nov 25, 2022"
03,Doc Scott,Let's Go (Cold Remix),Coco Bryce,"Nov 25, 2022"
04,ID,ID,Coco Bryce,"Nov 25, 2022"
05,FFF,Scream For Acid (Monotron_nl Remix),Coco Bryce,"Nov 25, 2022"
06,Nikki Nair,Plug,Coco Bryce,"Nov 25, 2022"
07,Machinedrum,U Don't Survive,Coco Bryce,"Nov 25, 2022"
08,Sonic,Volcan,Coco Bryce,"Nov 25, 2022"
09,ID,ID,Coco Bryce,"Nov 25, 2022"
10,Resound Pres. Rhytual,Gnosis (Dead Man's Chest Remix),Coco Bryce,"Nov 25, 2022"
11,ID,ID,Coco Bryce,"Nov 25, 2022"
01,JohNick,Heat,Kerri Chandler,"Sep 23, 2022"
02,Michel De Hey,Tracklights (Crackazat Dub),Kerri Chandler,"Sep 23, 2022"
03,Yves Murasca,All About House Music (Dario D'Attis Remix),Kerri Chandler,"Sep 23, 2022"
04,Massimo Lippoli,Let It Ride (Dario D'Attis Remix),Kerri Chandler,"Sep 23, 2022"
05,Kerri Chandler,Atmospheric Beats,Kerri Chandler,"Sep 23, 2022"
06,Masters At Work ft. La India,I Can't Get No Sleep (KenLou 12'' Mix),Kerri Chandler,"Sep 23, 2022"
07,Peven Everett,Special (Timmy Regisford Remix),Kerri Chandler,"Sep 23, 2022"
08,Emmaculate,Voodoo (Shannon Chambers 1Sound Remix),Kerri Chandler,"Sep 23, 2022"
09,Armonica ft. Toshi,Ngeke (andhim Remix),Kerri Chandler,"Sep 23, 2022"
10,Kerri Chandler ft. Lady Linn,You Get Lost In It,Kerri Chandler,"Sep 23, 2022"
11,Jovonn,Hesperia Soul,Kerri Chandler,"Sep 23, 2022"
01,Fred again..,Nathan (Still Breathing),Fred again..,"Jul 29, 2022"
02,Fred again..,Kammy (Like I Do),Fred again..,"Jul 29, 2022"
03,Fred again..,Danielle (Smile On My Face) (Co-Prod. by Four Tet),Fred again..,"Jul 29, 2022"
04,Fred again..,Tanya (Maybe Life),Fred again..,"Jul 29, 2022"
05,Fred again..,Delilah (Pull Me Out Of This),Fred again..,"Jul 29, 2022"
06,Overmono vs. Lil Baby,BBY vs. Real As It Gets (Fred again.. Freddit),Fred again..,"Jul 29, 2022"
07,Skrillex ft. Bobby Raps,Leave Me Like This,Fred again..,"Jul 29, 2022"
08, Matt Jam Lamont & Echelon & Smokey Bubblin' B vs. Headie One,Haribo vs. PTSD (Fred again.. Bootleg),Fred again..,"Jul 29, 2022"
09,KH,Feelings,Fred again..,"Jul 29, 2022"
10,Romy & Fred again..,Strong,Fred again..,"Jul 29, 2022"
11,Fred again.. & Swedish House Mafia ft. Future,Turn On The Lights Again..,Fred again..,"Jul 29, 2022"
01,Infected Mushroom & WHITENO1SE,More Of Just The Same,Infected Mushroom,"Oct 24, 2021"
02,Yahel & Infected Mushroom,Electro Panic (Azax x BOOMBASTIX Remix),Infected Mushroom,"Oct 24, 2021"
03,"Infected Mushroom, Freedom Fighters & Mr. Bill",Freedom Bill,Infected Mushroom,"Oct 24, 2021"
04,Infected Mushroom,Liquid Smoke (Shanti vs. DeeDRAh Remix),Infected Mushroom,"Oct 24, 2021"
05,Infected Mushroom,Suliman (No Comment Remix),Infected Mushroom,"Oct 24, 2021"
06,Infected Mushroom & BLiSS,Ani Mevushal,Infected Mushroom,"Oct 24, 2021"
07,Infected Mushroom,Becoming Insane (Warriors Remix),Infected Mushroom,"Oct 24, 2021"
08,Infected Mushroom,Symphonatic (Infected Mushroom & Astrix Remix),Infected Mushroom,"Oct 24, 2021"
09,Astrix,Coolio (Infected Mushroom Remix),Infected Mushroom,"Oct 24, 2021"
10,Infected Mushroom,ID,Infected Mushroom,"Oct 24, 2021"
01,Santana,Canto De Los Flores,Ron Trent,"Jun 27, 2021"
02,P'Cock,House In The Storm,Ron Trent,"Jun 27, 2021"
03,Todd Rundgren,Lost Horizon,Ron Trent,"Jun 27, 2021"
04,The Quick,One Light In A Blackout,Ron Trent,"Jun 27, 2021"
05,Klaus Doldinger's Passport,Sky Blue,Ron Trent,"Jun 27, 2021"
06,Deodato,Keep On Movin',Ron Trent,"Jun 27, 2021"
07,Rahmlee,Think,Ron Trent,"Jun 27, 2021"
08,Azymuth,Last Summer In Rio,Ron Trent,"Jun 27, 2021"
09,Khruangbin,Mr. White,Ron Trent,"Jun 27, 2021"
01,SCNTST,Percee Scan,Dj Boring,"May 30, 2021"
02,Daft Punk,Prime Time Of Your Life (Para One Remix),Dj Boring,"May 30, 2021"
03,Josh Wink,Superfreak (Freak),Dj Boring,"May 30, 2021"
04,Andy Slate,Jungle People,Dj Boring,"May 30, 2021"
05,The Presets,"I Go Hard, I Go Home",Dj Boring,"May 30, 2021"
06,Pardon Moi,Power To The People (Damon Jee Remix),Dj Boring,"May 30, 2021"
07,DJ Boring,Like Water,Dj Boring,"May 30, 2021"
08,ID,ID,Dj Boring,"May 30, 2021"
09,Moon Project,Moments Are Forever,Dj Boring,"May 30, 2021"
10,DJ One Finger,House Fucker (UMEK Remix Part 1),Dj Boring,"May 30, 2021"
11,Tomaz vs. Filterheadz,Sunshine,Dj Boring,"May 30, 2021"
01,KOHMI & KinAhau,ID,DJ Snake & Malaa,"Dec 12, 2020"
02,Lodgerz,ID,DJ Snake & Malaa,"Dec 12, 2020"
03,Loge21,Illicit,DJ Snake & Malaa,"Dec 12, 2020"
04,CJ Jeff,Bug In My Bed (Volkoder Remix),DJ Snake & Malaa,"Dec 12, 2020"
05,Malaa & KOOS,Hell (Norsheep Remix),DJ Snake & Malaa,"Dec 12, 2020"
06,ToMix,Policia,DJ Snake & Malaa,"Dec 12, 2020"
07,NuBass,Supreme (MNNR Remix),DJ Snake & Malaa,"Dec 12, 2020"
08,Bleu Clair & Ootoro,ID,DJ Snake & Malaa,"Dec 12, 2020"
09,Frents,Let Me,DJ Snake & Malaa,"Dec 12, 2020"
10,Shermanology & Tim Baresko,The Sound,DJ Snake & Malaa,"Dec 12, 2020"
11,Ashibah & Jean Bacarreza,They Don't Understand,DJ Snake & Malaa,"Dec 12, 2020"
01,Infected Mushroom,Dracul (Reborn Mix),Infected Mushroom,"Nov 6, 2020"
02,Vini Vici & Pixel,Everything & Anything (Infected Mushroom Remix),Infected Mushroom,"Nov 6, 2020"
03,Infected Mushroom,Cities Of The Future (Claudinho Brasil & Harmonika Remix),Infected Mushroom,"Nov 6, 2020"
04,Infected Mushroom,Deeply Disturbed (Infected Mushroom Remix),Infected Mushroom,"Nov 6, 2020"
05,BLiSS,Skitza,Infected Mushroom,"Nov 6, 2020"
06,Infected Mushroom,Only Solutions,Infected Mushroom,"Nov 6, 2020"
07,Infected Mushroom,Liquid Smoke (Shanti vs. DeeDRAh Remix),Infected Mushroom,"Nov 6, 2020"
08,Infected Mushroom,Suliman (No Comment Remix),Infected Mushroom,"Nov 6, 2020"
09,Infected Mushroom,Saeed (Paranormal Attack & Skazi Remix),Infected Mushroom,"Nov 6, 2020"
10,Infected Mushroom & WHITENO1SE,More Of Just The Same,Infected Mushroom,"Nov 6, 2020"
11,Infected Mushroom & BLiSS,Ani Mevushal,Infected Mushroom,"Nov 6, 2020"
01,Borgore,G.O.A.T,Borgore,"Apr 26, 2020"
02,Borgore,RFG,Borgore,"Apr 26, 2020"
03,Borgore & SVDDEN DEATH,Svddengore (VIP),Borgore,"Apr 26, 2020"
04,Dogma & ELEVATD,Decimation,Borgore,"Apr 26, 2020"
05,Chase & Status,Eastern Jam (Borgore Remake),Borgore,"Apr 26, 2020"
06,ID,ID,Borgore,"Apr 26, 2020"
07,ID,ID,Borgore,"Apr 26, 2020"
08,ID,ID,Borgore,"Apr 26, 2020"
09,Borgore,Ice Cream,Borgore,"Apr 26, 2020"
10,Cascada vs. DJ Snake & Eptic,Everytime We Touch vs. SouthSide (DJ Squared Edit),Borgore,"Apr 26, 2020"
11, Phiso,Jotaro,Borgore,"Apr 26, 2020"
01,RetroVision,ID,Retrovision,"Apr 26, 2020"
02, Avicii ft. Andreas Moe,Fade Into Darkness (Acapella),Retrovision,"Apr 26, 2020"
03,Galantis & Yellow Claw,We Can Get High (RetroVision Remix),Retrovision,"Apr 26, 2020"
04,Don Diablo & CID,Fever,Retrovision,"Apr 26, 2020"
05, RetroVision,Together,Retrovision,"Apr 26, 2020"
06,KPLR ft. Kris Kiss,Tear It Up,Retrovision,"Apr 26, 2020"
07,RetroVision,Get Up,Retrovision,"Apr 26, 2020"
08,Mo Falk,ID,Retrovision,"Apr 26, 2020"
09,Whats Gud,ID,Retrovision,"Apr 26, 2020"
10, Riton & Kah,Lo - Fake ID (Acapella),Retrovision,"Apr 26, 2020"
11,RetroVision,House Beat (Edit),Retrovision,"Apr 26, 2020"
01,Netsky,I See The Future In Your Eyes,Netsky,"Apr 26, 2020"
02,Kill Paris,Baby Come Back,Netsky,"Apr 26, 2020"
03,Netsky,Go 2 (ID Remix),Netsky,"Apr 26, 2020"
04, Camo & Krooked,Ember,Netsky,"Apr 26, 2020"
05,The Weeknd,Blinding Lights (Netsky Bootleg),Netsky,"Apr 26, 2020"
06,JAUZ & Netsky,Higher (The Prototypes Remix),Netsky,"Apr 26, 2020"
07,Pendulum,Blood Sugar,Netsky,"Apr 26, 2020"
08,Sub Focus,Solar System,Netsky,"Apr 26, 2020"
09,Wilkinson & Sub Focus ft. Tom Cane,Illuminate,Netsky,"Apr 26, 2020"
10,Virtual Self,Ghost Voices (Netsky DnB Bootleg),Netsky,"Apr 26, 2020"
11,Netsky,Iron Heart,Netsky,"Apr 26, 2020"
01,Boys Noize & Pilo,Cerebral,What So Not,"Apr 25, 2020"
02,ID,ID,What So Not,"Apr 25, 2020"
03,Moderat,The Fool,What So Not,"Apr 25, 2020"
04,Herobust,Snail Gate,What So Not,"Apr 25, 2020"
05,Thundercat,Them Changes,What So Not,"Apr 25, 2020"
06,Sleigh Bells,Crown On The Ground,What So Not,"Apr 25, 2020"
07,Daft Punk ft. Panda Bear,Doin' It Right,What So Not,"Apr 25, 2020"
08,The Pixies,Where Is My Mind,What So Not,"Apr 25, 2020"
09,RL Grime,Core (Flite Bootleg),What So Not,"Apr 25, 2020"
10,The Fugees,Ready Or Not,What So Not,"Apr 25, 2020"
11, Dimension,UK (Skrillex Edit),What So Not,"Apr 25, 2020"
01,ID,ID,Peggy Gou,"Apr 25, 2020"
02,Maurice Fulton & Peggy Gou,Jigoo,Peggy Gou,"Apr 25, 2020"
03,Roman Flügel,Parade,Peggy Gou,"Apr 25, 2020"
04,ID,ID,Peggy Gou,"Apr 25, 2020"
05,ID,ID,Peggy Gou,"Apr 25, 2020"
06,ID,ID,Peggy Gou,"Apr 25, 2020"
07,FJAAK,Breath,Peggy Gou,"Apr 25, 2020"
08,Fadi Mohem,Nine,Peggy Gou,"Apr 25, 2020"
09,ID,ID,Peggy Gou,"Apr 25, 2020"
10,Skee Mask,50 Euro To Break Boost,Peggy Gou,"Apr 25, 2020"
11,ID,ID,Peggy Gou,"Apr 25, 2020"
01,Zeds Dead ft. Twin Shadow,Stardust,Zeds Dead,"Apr 25, 2020"
02,ID,ID,Zeds Dead,"Apr 25, 2020"
03,X&G,Monsta,Zeds Dead,"Apr 25, 2020"
04,Steff Da Campo & musicbyLUKAS,Push,Zeds Dead,"Apr 25, 2020"
05,Ship Wrek,Energy,Zeds Dead,"Apr 25, 2020"
06,BROHUG,Children,Zeds Dead,"Apr 25, 2020"
07,ID,ID,Zeds Dead,"Apr 25, 2020"
08,Shades,Two One Six,Zeds Dead,"Apr 25, 2020"
09,Billie Eilish,bury a friend (Zeds Dead Remix),Zeds Dead,"Apr 25, 2020"
10,JOYRYDE,4AM,Zeds Dead,"Apr 25, 2020"
11,ID,ID,Zeds Dead,"Apr 25, 2020"
01,Lane 8,Atlas,Lane 8,"Apr 25, 2020"
02, Lane 8 ft. Arctic Lake,Road,Lane 8,"Apr 25, 2020"
03,Lane 8,The Gift,Lane 8,"Apr 25, 2020"
04,Lane 8 ft. Arctic Lake,Don't Let Me Go (Forty Cats Remix),Lane 8,"Apr 25, 2020"
05,Lane 8,Little By Little (Lane 8 Rework),Lane 8,"Apr 25, 2020"
06,Lane 8 ft. RBBTS,Visions,Lane 8,"Apr 25, 2020"
07,Lane 8,Little Voices,Lane 8,"Apr 25, 2020"
08,Bon Iver,Holocene (Lane 8 & Yotto Remix),Lane 8,"Apr 25, 2020"
09,Lane 8,Fingerprint,Lane 8,"Apr 25, 2020"
10,Lane 8,Sunday Song,Lane 8,"Apr 25, 2020"
11,RÜFÜS DU SOL,Innerbloom (Lane 8 Remix),Lane 8,"Apr 25, 2020"
01,Loud Luxury ft. Morgan St. Jean,Aftertaste,Loud Luxury,"Apr 25, 2020"
02,DJ KUBA & NEITAN vs. Calvin Harris,Slide vs. Feel The Vibe (Loud Luxury Edit),Loud Luxury,"Apr 25, 2020"
03,CID & Riddim Commission,ME N U,Loud Luxury,"Apr 25, 2020"
04,Loud Luxury & Bryce Vine,I'm Not Alright (Zack Martino Remix),Loud Luxury,"Apr 25, 2020"
05,Dua Lipa vs. Pharien,Don't Start Now (Andrew Marks Fall Apart Edit),Loud Luxury,"Apr 25, 2020"
06,Endor,Pump It Up (Fry Ups & Colin Jay Remix),Loud Luxury,"Apr 25, 2020"
07,Sultan + Shepard & Showtek vs. SAINt JHN & Imanbek,Way We Used 2 Roses (Loud Luxury Edit),Loud Luxury,"Apr 25, 2020"
08,Loud Luxury & CID vs. PBH & Jack,Nights Like This vs. Believe (Loud Luxury Edit),Loud Luxury,"Apr 25, 2020"
09,Loud Luxury vs. Buzz Low,See It Again vs. Thong Song (Loud Luxury Edit),Loud Luxury,"Apr 25, 2020"
10,Gorgon City & MK,There For You,Loud Luxury,"Apr 25, 2020"
11,Loud Luxury X Anders,Love No More (PBH & Jack Shizzle Remix),Loud Luxury,"Apr 25, 2020"
01,ID,ID,JOYRYDE,"Apr 25, 2020"
02,Dog Blood & Josh Pan & X&G,4 Mind (Good Times Ahead Remix),JOYRYDE,"Apr 25, 2020"
03,JOYRYDE,FAIL ME,JOYRYDE,"Apr 25, 2020"
04,Idris Elba ft. Kah,Lo - Ballie (Destructo Remix),JOYRYDE,"Apr 25, 2020"
05,Habstrakt & ASDEK,Es Isso,JOYRYDE,"Apr 25, 2020"
06,Boombox Cartel ft. MadeinTYO,NEW WIP (Chris Lorenzo Remix),JOYRYDE,"Apr 25, 2020"
07,Silque ft. Dizzee Rascal,Riot,JOYRYDE,"Apr 25, 2020"
08,DJ Snake & Tchami & Malaa & MERCER,Made In France,JOYRYDE,"Apr 25, 2020"
09,JOYRYDE,The Box,JOYRYDE,"Apr 25, 2020"
10,Mr. Belt & Wezol,The Jabberwock,JOYRYDE,"Apr 25, 2020"
11,Tchami ft. Daecolm,Proud (ID Remix),JOYRYDE,"Apr 25, 2020"
01,REZZ X 1788,L - H E X (Intro),REZZ,"Apr 25, 2020"
02,REZZ & Yultron,Hell On Earth,REZZ,"Apr 25, 2020"
03,REZZ x 13,DRUGS!,REZZ,"Apr 25, 2020"
04,REZZ & Sayer,Your Soul Will Never Be Released,REZZ,"Apr 25, 2020"
05,Two Fingers & Ivy Lab,Orange,REZZ,"Apr 25, 2020"
06,REZZ,Relax,REZZ,"Apr 25, 2020"
07,REZZ,Spider On The Moon,REZZ,"Apr 25, 2020"
08,REZZ & EDDIE,Stress,REZZ,"Apr 25, 2020"
09,REZZ,Dark Age,REZZ,"Apr 25, 2020"
10,REZZ,ID,REZZ,"Apr 25, 2020"
11,REZZ & Grabbitz,Someone Else,REZZ,"Apr 25, 2020"
01,Malaa,Four Twenty,Malaa,"Apr 25, 2020"
02,Buitano & Makla,Digits,Malaa,"Apr 25, 2020"
03,Sosa UK,Booty Shake,Malaa,"Apr 25, 2020"
04,Jose M. & TacoMan & Ciclo,My G,Malaa,"Apr 25, 2020"
05,Kaskade & Kosha Dillz,Sexy,Malaa,"Apr 25, 2020"
06,Malaa,OCB,Malaa,"Apr 25, 2020"
07,Armand van Helden,The Bronx UFO,Malaa,"Apr 25, 2020"
08,Sanda,Energizer,Malaa,"Apr 25, 2020"
09,Disaia,The Boy Is Mine,Malaa,"Apr 25, 2020"
10,KEELD & Frents,Moving Up,Malaa,"Apr 25, 2020"
11,Tyga & Curtis Roach,Bored In The House (Vladimir Cauchemar Remix),Malaa,"Apr 25, 2020"
01,Oliver Heldens ft. Boy Matthews,Details,Oliver Heldens,"Apr 25, 2020"
02,SZA & Justin Timberlake,The Other Side (Oliver Heldens Remix),Oliver Heldens,"Apr 25, 2020"
03,Oliver Heldens,Never Look Back,Oliver Heldens,"Apr 25, 2020"
04,Oliver Heldens,Habit,Oliver Heldens,"Apr 25, 2020"
05,Oliver Heldens,Take A Chance,Oliver Heldens,"Apr 25, 2020"
06,Oliver Heldens vs. Florence + The Machine,Aquarius vs. You've Got The Love (Oliver Heldens Mashup),Oliver Heldens,"Apr 25, 2020"
07,Chocolate Puma & Mike Cervello,You Are My Life,Oliver Heldens,"Apr 25, 2020"
08,HI,LO - ID,Oliver Heldens,"Apr 25, 2020"
09,HI,LO - Zeus,Oliver Heldens,"Apr 25, 2020"
10,HI,LO - ID,Oliver Heldens,"Apr 25, 2020"
11,UMEK,Cybernetic Implant,Oliver Heldens,"Apr 25, 2020"
01,Tokyo Machine,Play (Eliminate Remix),Krewella,"Apr 24, 2020"
02,DJ Snake & Zomboy,Quiet Storm,Krewella,"Apr 24, 2020"
03,LAXX,Trouble,Krewella,"Apr 24, 2020"
04,KAYZO & Ray Volpe,Ghost In The Bottle,Krewella,"Apr 24, 2020"
05,Koven,Shut My Mouth,Krewella,"Apr 24, 2020"
06,ALRT,Higher Love,Krewella,"Apr 24, 2020"
07,Krewella,TH2C (Dyro Remix),Krewella,"Apr 24, 2020"
08,Vini Vici & Shapov & NERVO,My World,Krewella,"Apr 24, 2020"
09,RAM & Alchimyst,Pills & Thrills,Krewella,"Apr 24, 2020"
10,Nitti Gritti,Money,Krewella,"Apr 24, 2020"
11,Crankdat & RUVLO,Blah Blah,Krewella,"Apr 24, 2020"
01,Kungs,Paris,Kungs,"Apr 24, 2020"
02,GW Harrison,Hear My Soul,Kungs,"Apr 24, 2020"
03,Goom Gum,It's A Lot,Kungs,"Apr 24, 2020"
04,KiNK,Perth (Dusky Remix),Kungs,"Apr 24, 2020"
05,Kungs & Throttle,Disco Night (Lenno Remix),Kungs,"Apr 24, 2020"
06,Dean Mason vs. Disclosure & Eliza Doolittle,Addicted vs. You & Me (Bob Sinclar Mashup),Kungs,"Apr 24, 2020"
07,Kungs ft. Ephemerals,I Feel So Bad,Kungs,"Apr 24, 2020"
08,Solomun,Customer Is King,Kungs,"Apr 24, 2020"
09,Caribou,Ravi,Kungs,"Apr 24, 2020"
10,Cirez D,On Off,Kungs,"Apr 24, 2020"
11,Marie Davidson,Work It (Soulwax Remix),Kungs,"Apr 24, 2020"
01,Fat Joe ft. Cardi B & Anuel AA,Yes,Deorro,"Apr 24, 2020"
02, La Luz Roja De San Marcos,Cumbia Sampuesana,Deorro,"Apr 24, 2020"
03, Avicii ft. Aloe Blacc,SOS (Driiift Festival Mix),Deorro,"Apr 24, 2020"
04,Los Del Rio,Macarena,Deorro,"Apr 24, 2020"
05, TV Noise,Like That,Deorro,"Apr 24, 2020"
06,Pedro Fernandez,Yo No Fui (Deorro Experiment),Deorro,"Apr 24, 2020"
07, Dither,Lethal Drop,Deorro,"Apr 24, 2020"
08,Deorro & Krunk!,I Like This F'n Song,Deorro,"Apr 24, 2020"
09,Sean Paul & Tove Lo,Calling On Me,Deorro,"Apr 24, 2020"
10, Sean Paul & Tove Lo,Calling On Me (Juvie Remix),Deorro,"Apr 24, 2020"
11,ID,ID,Deorro,"Apr 24, 2020"
01,Big Wild & Rich Boy,Venice Venture X Throw Some D's,Room Service 2020 X Chill Nation Mix,"Apr 22, 2020"
02,YUNGBLUD & Halsey ft. Travis Barker,11 Minutes,Room Service 2020 X Chill Nation Mix,"Apr 22, 2020"
03,Trevor Daniel,Past Life,Room Service 2020 X Chill Nation Mix,"Apr 22, 2020"
04,The Vamps & Matoma,All Night,Room Service 2020 X Chill Nation Mix,"Apr 22, 2020"
05,Elderbrook,Numb,Room Service 2020 X Chill Nation Mix,"Apr 22, 2020"
06,Cassian,Know U Well,Room Service 2020 X Chill Nation Mix,"Apr 22, 2020"
07,Kungs vs. Cookin' On 3 Burners ft. Kylie Auldist,This Girl,Room Service 2020 X Chill Nation Mix,"Apr 22, 2020"
08,Channel Tres,Top Down,Room Service 2020 X Chill Nation Mix,"Apr 22, 2020"
09,Shallou & Ashe,Good Together,Room Service 2020 X Chill Nation Mix,"Apr 22, 2020"
10,Joji,Slow Dancing In The Dark (Loud Luxury Remix),Room Service 2020 X Chill Nation Mix,"Apr 22, 2020"
11,Oliver Heldens & Becky Hill,Gecko (Overdrive),Room Service 2020 X Chill Nation Mix,"Apr 22, 2020"
01,Llewellyn,These Days (Don't Make Me Wait),Seth Troxler,"Jul 27, 2019"
02,Popular Computer,I Can't Forget You,Seth Troxler,"Jul 27, 2019"
03,Kraftwerk,Der Telefon Anruf,Seth Troxler,"Jul 27, 2019"
04,ID,ID,Seth Troxler,"Jul 27, 2019"
05,Justin Cudmore,About To Burst,Seth Troxler,"Jul 27, 2019"
06,Matrixxman,Case Closed,Seth Troxler,"Jul 27, 2019"
07,ID,ID,Seth Troxler,"Jul 27, 2019"
08,ID,ID,Seth Troxler,"Jul 27, 2019"
09,ID,ID,Seth Troxler,"Jul 27, 2019"
10,ID,ID,Seth Troxler,"Jul 27, 2019"
11,ID,ID,Seth Troxler,"Jul 27, 2019"
01,ID,ID,Nicola Cruz,"Jun 25, 2019"
02,Perth Drug Legend,"This Is Tulloch Not Tibet, Pal",Nicola Cruz,"Jun 25, 2019"
03,Biogen,Psychic Function,Nicola Cruz,"Jun 25, 2019"
04,Knautic,Redemption (Kusht Remix),Nicola Cruz,"Jun 25, 2019"
05,Bufi,La Cumbia De Las Frecuencias,Nicola Cruz,"Jun 25, 2019"
06,ID,ID,Nicola Cruz,"Jun 25, 2019"
07,ID,ID,Nicola Cruz,"Jun 25, 2019"
08,DJ Python,Be Si To,Nicola Cruz,"Jun 25, 2019"
09,ID,ID,Nicola Cruz,"Jun 25, 2019"
10,Cornelius Doctor & Tushen Raï,Nana,Nicola Cruz,"Jun 25, 2019"
11,Internal N.Y. Rhythms,Poli Ritmo II,Nicola Cruz,"Jun 25, 2019"
01,ID,ID,DJ Boring,"May 31, 2019"
02,Avision,Work It Out,DJ Boring,"May 31, 2019"
03,Jark Prongo,Helios,DJ Boring,"May 31, 2019"
04,Player,026 B1,DJ Boring,"May 31, 2019"
05,A Made Up Sound,Hang Up,DJ Boring,"May 31, 2019"
06,ID,ID,DJ Boring,"May 31, 2019"
07,ID,ID,DJ Boring,"May 31, 2019"
08,Billie Jo,Saturn,DJ Boring,"May 31, 2019"
09,ID,ID,DJ Boring,"May 31, 2019"
10,DJ Antoine vs. Mad Mark,La Chitara Part 1 (ID Remix),DJ Boring,"May 31, 2019"
11,Datura,Yerba Del Diablo Part III (Datura 2K Remix),DJ Boring,"May 31, 2019"
01,Shxcxchcxsh,ID,SHXCXCHCXSH,"Apr 25, 2019"
02,Shxcxchcxsh,Owdr,SHXCXCHCXSH,"Apr 25, 2019"
03,Shxcxchcxsh,ID,SHXCXCHCXSH,"Apr 25, 2019"
04,Shxcxchcxsh,ID,SHXCXCHCXSH,"Apr 25, 2019"
05,Shxcxchcxsh,ID,SHXCXCHCXSH,"Apr 25, 2019"
06,Shxcxchcxsh,ID,SHXCXCHCXSH,"Apr 25, 2019"
07,Shxcxchcxsh,ID,SHXCXCHCXSH,"Apr 25, 2019"
08,Shxcxchcxsh,ID,SHXCXCHCXSH,"Apr 25, 2019"
09,Shxcxchcxsh,ID,SHXCXCHCXSH,"Apr 25, 2019"
10,Shxcxchcxsh,ID,SHXCXCHCXSH,"Apr 25, 2019"
01,Vini Vici & Reality Test ft. Shanti People,Karma,Vini Vici b2b Infected Mushroom,"Mar 31, 2019"
02, Vini Vici & Astrix,Adhana,Vini Vici b2b Infected Mushroom,"Mar 31, 2019"
03,W&W x Vini Vici,Chakra,Vini Vici b2b Infected Mushroom,"Mar 31, 2019"
04,Omiki & Sagi Abitbul,Yumba,Vini Vici b2b Infected Mushroom,"Mar 31, 2019"
05,4 Non Blondes,What's Up? (Vini Vici & WHITENO1SE Remix),Vini Vici b2b Infected Mushroom,"Mar 31, 2019"
06,Andrew Rayel & Graham Bell,Tambores (Blastoyz Remix),Vini Vici b2b Infected Mushroom,"Mar 31, 2019"
07,Nina Nesbitt,The Moments I'm Missing (Ranji & WHITENO1SE Remix),Vini Vici b2b Infected Mushroom,"Mar 31, 2019"
08,Armin van Buuren,Ping Pong,Vini Vici b2b Infected Mushroom,"Mar 31, 2019"
09, Armin van Buuren,This Is A Test,Vini Vici b2b Infected Mushroom,"Mar 31, 2019"
10,Three Drives,Greece 2000 (WHITENO1SE Remix),Vini Vici b2b Infected Mushroom,"Mar 31, 2019"
11,Vini Vici,The Tribe,Vini Vici b2b Infected Mushroom,"Mar 31, 2019"
01,ID,ID,Maayan Nidam,"Feb 8, 2019"
02,STL,I'm Backwards,Maayan Nidam,"Feb 8, 2019"
03,K,Alexi Shelby - My Sweet MF,Maayan Nidam,"Feb 8, 2019"
04,Dream 2 Science,Liquid,Maayan Nidam,"Feb 8, 2019"
05,Octave One,Sounds Of Jericho,Maayan Nidam,"Feb 8, 2019"
06,Beroshima,The Opression (Rok Remix),Maayan Nidam,"Feb 8, 2019"
07,ID,ID,Maayan Nidam,"Feb 8, 2019"
08,ZKY,Bassline Tool,Maayan Nidam,"Feb 8, 2019"
09,ID,ID,Maayan Nidam,"Feb 8, 2019"
10,Marcel Dettmann,Vertigo (Wincent Kunth Remix),Maayan Nidam,"Feb 8, 2019"
11,Elbee Bad,Don't Wanna Lose Ya Love! (Uub Version),Maayan Nidam,"Feb 8, 2019"
01,Infected Mushroom,Saeed (Paranormal Attack & Skazi Remix),Infected Mushroom,"Nov 24, 2018"
02,ID,ID,Infected Mushroom,"Nov 24, 2018"
03,ID,ID,Infected Mushroom,"Nov 24, 2018"
04,Infected Mushroom,Suliman (No Comment Remix),Infected Mushroom,"Nov 24, 2018"
05,ID,ID,Infected Mushroom,"Nov 24, 2018"
01,Mr. Eazi,Pour Me Water,Major Lazer - The Red Room,"Oct 27, 2018"
02,Aya Nakamura,Djadja,Major Lazer - The Red Room,"Oct 27, 2018"
03,Major Lazer ft. Tove Lo,Blow That Smoke,Major Lazer - The Red Room,"Oct 27, 2018"
04,Ketchup,Olingo,Major Lazer - The Red Room,"Oct 27, 2018"
05,Runtown ft. Wizkid & Walshy Fire,Bend Down Pause,Major Lazer - The Red Room,"Oct 27, 2018"
06,Ayo Jay,Your Number,Major Lazer - The Red Room,"Oct 27, 2018"
07,Mr. Vegas,Certain Law,Major Lazer - The Red Room,"Oct 27, 2018"
08,Full Crate & The Partysquad ft. Nick & Navi,Hot,Major Lazer - The Red Room,"Oct 27, 2018"
09,ID,ID,Major Lazer - The Red Room,"Oct 27, 2018"
10,Popeye Caution,Work (Prod. by Walshy Fire & Izy Beats),Major Lazer - The Red Room,"Oct 27, 2018"
11,Moses,Sample,Major Lazer - The Red Room,"Oct 27, 2018"
01,Deapmash,Halcyon (Virtual Self Remix),Virtual Self,"Sep 30, 2018"
02,Virtual Self,Ghost Voices,Virtual Self,"Sep 30, 2018"
03,ABYSSVM,Cetacean (Virtual Self Edit),Virtual Self,"Sep 30, 2018"
04,Juche,Super GT (Virtual Self Edit),Virtual Self,"Sep 30, 2018"
05,Utada Hikaru,Simple And Clean (Kingdom Hearts Theme) (Planitb Remix / Virtual Self Edit),Virtual Self,"Sep 30, 2018"
06, Joshua Ryan,Pistolwhip (Virtual Self Edit),Virtual Self,"Sep 30, 2018"
07,Pryda,Stay With Me,Virtual Self,"Sep 30, 2018"
08,Lamont,Titanic (Virtual Self Edit),Virtual Self,"Sep 30, 2018"
09,Asagaoaudio,Ring And Portrait,Virtual Self,"Sep 30, 2018"
10,Kayestone,Atmosphere (Angelic Remix),Virtual Self,"Sep 30, 2018"
11,SySF ft. ANNA,Look To The Sky (True Color Extended Mix),Virtual Self,"Sep 30, 2018"
01,Deapmash,Halcyon (Virtual Self Remix),Virtual Self,"Sep 7, 2018"
02,Virtual Self,Ghost Voices,Virtual Self,"Sep 7, 2018"
03,Virtual Self,Ghost Voices (Raito Remix),Virtual Self,"Sep 7, 2018"
04,Klanken,Vijf,Virtual Self,"Sep 7, 2018"
05,Juche,Super GT (Virtual Self Edit),Virtual Self,"Sep 7, 2018"
06,ABYSSVM,Cetacean (Virtual Self Edit),Virtual Self,"Sep 7, 2018"
07, Truss,Brockweir,Virtual Self,"Sep 7, 2018"
08,Utada Hikaru,Simple And Clean (Kingdom Hearts Theme) (Planitb Remix / Virtual Self Edit),Virtual Self,"Sep 7, 2018"
09, Joshua Ryan,Pistolwhip (Virtual Self Edit),Virtual Self,"Sep 7, 2018"
10,Pryda,Stay With Me,Virtual Self,"Sep 7, 2018"
11,Lamont,Titanic (Virtual Self Edit),Virtual Self,"Sep 7, 2018"
01,Mr. Gasmask,4ma At 4am,Charlotte de Witte,"Aug 23, 2018"
02,Dax J,West Bank,Charlotte de Witte,"Aug 23, 2018"
03,Mikael Jonasson,Mosaic (Luca Agnelli Remix),Charlotte de Witte,"Aug 23, 2018"
04,Lukas Firtzer,Dark Boat,Charlotte de Witte,"Aug 23, 2018"
05,Noneoftheabove,Our Special Place,Charlotte de Witte,"Aug 23, 2018"
06,Lukas Firtzer,Acid Cake,Charlotte de Witte,"Aug 23, 2018"
07,ID,ID,Charlotte de Witte,"Aug 23, 2018"
08,ID,ID,Charlotte de Witte,"Aug 23, 2018"
09,Envoy,Dark Manoeuvres (Dax J Remix),Charlotte de Witte,"Aug 23, 2018"
10,Charlotte De Witte,Kuda,Charlotte de Witte,"Aug 23, 2018"
11,Charlotte De Witte,Remember,Charlotte de Witte,"Aug 23, 2018"
01,DJ Koze ft. Mano Le Tough,Planet Hase,Sven Väth,"Jul 23, 2018"
02,Mirko Loko,Desurection,Sven Väth,"Jul 23, 2018"
03,Eduardo De Calle,Caravaca's Ditortion Theory,Sven Väth,"Jul 23, 2018"
04,Neil Landstrumm,Chrome And Ferric,Sven Väth,"Jul 23, 2018"
05,Skorbut,Vermont (I:Cube Remix),Sven Väth,"Jul 23, 2018"
06,Talaboman,Brutal Chugga Chugga (L.B. Dub Corp Remix),Sven Väth,"Jul 23, 2018"
07,L.B. Dub Corp,See The Light,Sven Väth,"Jul 23, 2018"
08,Levon Vincent,Arpeggiator,Sven Väth,"Jul 23, 2018"
09,Robag Wruhme,Veddel Braav (H&T04),Sven Väth,"Jul 23, 2018"
10,Stimming,Frankfurt Main,Sven Väth,"Jul 23, 2018"
11,EJECA,Attack,Sven Väth,"Jul 23, 2018"
01,Gorillaz ft. George Benson,Humility,Gorillaz,"Jun 24, 2018"
02,Gorillaz,Tranz,Gorillaz,"Jun 24, 2018"
03,Gorillaz ft. Snoop Dogg & Jamie Principle,Hollywood,Gorillaz,"Jun 24, 2018"
04,Gorillaz,Kansas,Gorillaz,"Jun 24, 2018"
05,Gorillaz,Sorcererz,Gorillaz,"Jun 24, 2018"
06,Gorillaz,Idaho,Gorillaz,"Jun 24, 2018"
07,Gorillaz,Lake Zurich,Gorillaz,"Jun 24, 2018"
08,Gorillaz,Magic City,Gorillaz,"Jun 24, 2018"
09,Gorillaz,Fire Flies,Gorillaz,"Jun 24, 2018"
10,Gorillaz,One Percent,Gorillaz,"Jun 24, 2018"
11,Gorillaz,Souk Eye,Gorillaz,"Jun 24, 2018"
01,Aero Manyelo,Tshunga,Diplo Rooftop Party Mix - Boiler Room London,"Jun 12, 2018"
02,Daft Punk,Emotion (DJ Mauboussin Bootleg),Diplo Rooftop Party Mix - Boiler Room London,"Jun 12, 2018"
03,Mr. Eazi,Leg Over (Uproot Andy Remix),Diplo Rooftop Party Mix - Boiler Room London,"Jun 12, 2018"
04,Davido,Skelewu (Major Lazer & Wiwek Remix),Diplo Rooftop Party Mix - Boiler Room London,"Jun 12, 2018"
05,Major Lazer ft. Justin Bieber & MØ,Cold Water (ID Remix),Diplo Rooftop Party Mix - Boiler Room London,"Jun 12, 2018"
06,Olamide,Science Student,Diplo Rooftop Party Mix - Boiler Room London,"Jun 12, 2018"
07,DJ Mujava,Township Funk (Ashley Beedle Africanz On Marz Re-Edit),Diplo Rooftop Party Mix - Boiler Room London,"Jun 12, 2018"
08,Kelis,Milkshake (KANDY Remix),Diplo Rooftop Party Mix - Boiler Room London,"Jun 12, 2018"
09,Jay R Neutron,Know Me,Diplo Rooftop Party Mix - Boiler Room London,"Jun 12, 2018"
10,Michael Brun,Jalouzi,Diplo Rooftop Party Mix - Boiler Room London,"Jun 12, 2018"
11,Major Lazer ft. Travis Scott & Camila Cabello & Quavo,Know No Better,Diplo Rooftop Party Mix - Boiler Room London,"Jun 12, 2018"
01,Moby,Mere Anarchy,Moby,"Apr 18, 2018"
02,Moby,The Middle Is Gone,Moby,"Apr 18, 2018"
03,Moby,Falling Rain And Light,Moby,"Apr 18, 2018"
04,Moby,Why Does My Heart Feel So Bad?,Moby,"Apr 18, 2018"
05,Moby,Porcelain,Moby,"Apr 18, 2018"
06,Moby,This Wild Darkness,Moby,"Apr 18, 2018"
07,Moby,The Tired And The Hurt,Moby,"Apr 18, 2018"
08,Moby,The Last of Goodbyes,Moby,"Apr 18, 2018"
09,Moby,Dark Cloud Is Coming,Moby,"Apr 18, 2018"
10,Moby,The Sorrow Tree,Moby,"Apr 18, 2018"
11,Moby,The Ceremony of Innocence,Moby,"Apr 18, 2018"
01,Bonobo ft. Innov Gnawa,Bambro Koyo Ganda,Bonobo,"Jan 19, 2018"
02,PHCK,Elephants,Bonobo,"Jan 19, 2018"
03,Durante,Split Wick,Bonobo,"Jan 19, 2018"
04,Bonobo,Linked,Bonobo,"Jan 19, 2018"
05,Throwing Snow,Trebucher,Bonobo,"Jan 19, 2018"
06,Avalon Emerson,One More Fluorescent Rush,Bonobo,"Jan 19, 2018"
07,George Fitzgerald & Bonobo,Outgrown,Bonobo,"Jan 19, 2018"
08,Musumeci,Hey Mama,Bonobo,"Jan 19, 2018"
09,Footshooter,Bosphorus,Bonobo,"Jan 19, 2018"
10,Mall Grab,Ahmad,Bonobo,"Jan 19, 2018"
11,Austin Ato,Song For Mr. Lewis,Bonobo,"Jan 19, 2018"
01,Wolfgang Gartner & Tiësto ft. Luciana,We Own The Night (Intro Edit),Tiësto,"Dec 23, 2017"
02, Tiësto & John Christian,Scream,Tiësto,"Dec 23, 2017"
03,John Christian,The Grimm,Tiësto,"Dec 23, 2017"
04,Tiësto & KSHMR ft. VASSY,Secrets,Tiësto,"Dec 23, 2017"
05,Marshmello ft. Khalid,Silence (Tiësto Big Room Remix),Tiësto,"Dec 23, 2017"
06,Tiësto & DallasK,Show Me,Tiësto,"Dec 23, 2017"
07, DNF & I.GOT.U,Sick,Tiësto,"Dec 23, 2017"
08, Jamie Lewis ft. Michael Watford,For You (Put Your Hands Up In The Air Acapella),Tiësto,"Dec 23, 2017"
09, Dada Life,Kick Out The Epic Motherfucker (Acapella),Tiësto,"Dec 23, 2017"
10,TJR,Time To Jack,Tiësto,"Dec 23, 2017"
11,Tiësto & Diplo,C'mon (John Christian Remix),Tiësto,"Dec 23, 2017"
01,Redeyes,What She Wants (Lenzman Remix),S.P.Y,"Dec 9, 2017"
02,FD & Script,Monza,S.P.Y,"Dec 9, 2017"
03,A.I. aka Artificial Intelligence,Intimacy,S.P.Y,"Dec 9, 2017"
04,S.P.Y,Losin' Sleep,S.P.Y,"Dec 9, 2017"
05,L,Side - Rain,S.P.Y,"Dec 9, 2017"
06,Ill Truth & SATL ft. Charli Brix,In Your Soul,S.P.Y,"Dec 9, 2017"
07,Dabs & Disprove,Thor (Break Remix),S.P.Y,"Dec 9, 2017"
08,McLeod & Symptom,Cherry Hill,S.P.Y,"Dec 9, 2017"
09,Serum,Black Metal,S.P.Y,"Dec 9, 2017"
10,Hybris,Crumbled (DLR 3rd Time Around Remix),S.P.Y,"Dec 9, 2017"
11,Ulterior Motive,Anode,S.P.Y,"Dec 9, 2017"
01,Infected Mushroom,Demons Of Pain (Kova & Impact Groove Remix),Infected Mushroom,"Nov 10, 2017"
02,Infected Mushroom,Saeed (Skazi Remix),Infected Mushroom,"Nov 10, 2017"
03,Bliss,My LSD Song,Infected Mushroom,"Nov 10, 2017"
04,Warriors vs. Whitenoise,Pow Wow,Infected Mushroom,"Nov 10, 2017"
05,Infected Mushroom,Groove Attack,Infected Mushroom,"Nov 10, 2017"
06,Berg,Bayaka,Infected Mushroom,"Nov 10, 2017"
07,Infected Mushroom,New Track,Infected Mushroom,"Nov 10, 2017"
08,Infected Mushroom,Becoming Insane (Warriors Remix),Infected Mushroom,"Nov 10, 2017"
09,Infected Mushroom,Pink Nightmares,Infected Mushroom,"Nov 10, 2017"
10,Infected Mushroom,Spitfire,Infected Mushroom,"Nov 10, 2017"
11,Infected Mushroom,Bust A Move (Bliss Remix),Infected Mushroom,"Nov 10, 2017"
01,Trilogy,Love Me Forever Or Love Me Not (The Dub Of Doom Mix),Honey Dijon,"Nov 9, 2017"
02,ID,ID,Honey Dijon,"Nov 9, 2017"
03,Harry Romero,Tribal Jazz (Kaiserdisco Remix),Honey Dijon,"Nov 9, 2017"
04,ID,ID,Honey Dijon,"Nov 9, 2017"
05,Cratebug,Hell Yeah Chicago,Honey Dijon,"Nov 9, 2017"
06,KiNK,Perth (Beat Mix),Honey Dijon,"Nov 9, 2017"
07,DJ Sneak,Salsa Elektrika,Honey Dijon,"Nov 9, 2017"
08,ID,ID,Honey Dijon,"Nov 9, 2017"
09,ZDS,Bang,Honey Dijon,"Nov 9, 2017"
10,ID,ID,Honey Dijon,"Nov 9, 2017"
11,Tony Dee,Solarity,Honey Dijon,"Nov 9, 2017"
01,Zedd ft. Jon Bellion,Beautiful Now (Intro Edit),Zedd,"Oct 12, 2017"
02,Hailee Steinfeld & Grey ft. Zedd,Starving (Bali Bandits Remix),Zedd,"Oct 12, 2017"
03,Fat Joe & Remy Ma ft. French Montana,All The Way Up (David Guetta & GLOWINTHEDARK Remix),Zedd,"Oct 12, 2017"
04, D.O.D,Zipper,Zedd,"Oct 12, 2017"
05, Wolfgang Gartner,The Champ,Zedd,"Oct 12, 2017"
06,Ill Phil,We're Guna Fight Em Off (Seven Nation Army Re-fix) (Mesto Remix),Zedd,"Oct 12, 2017"
07, Laidback Luke x Florian Picasso ft. Tania Zygar,With Me,Zedd,"Oct 12, 2017"
08,Black Eyed Peas,The Time (Dirty Bit) (Zedd Remix),Zedd,"Oct 12, 2017"
09,Afrojack,Polkadots (Oliver Twizt Remix),Zedd,"Oct 12, 2017"
10,J Balvin & Willy William,Mi Gente (Cedric Gervais Remix),Zedd,"Oct 12, 2017"
11,Zedd,Shotgun,Zedd,"Oct 12, 2017"
01,Hudson Mohawke,Amethyst,Hudson Mohawke,"Oct 5, 2017"
02,Missy Elliott ft. LAMB,I'm Better,Hudson Mohawke,"Oct 5, 2017"
03,ID,ID,Hudson Mohawke,"Oct 5, 2017"
04,Martyn Bootyspoon,Steam,Hudson Mohawke,"Oct 5, 2017"
05,Hudson Mohawke,Human,Hudson Mohawke,"Oct 5, 2017"
06,Dillon Francis ft. G,Eazy - Say Less (Lunice Remix),Hudson Mohawke,"Oct 5, 2017"
07,Hudson Mohawke,System,Hudson Mohawke,"Oct 5, 2017"
08,System F,Out Of The Blue,Hudson Mohawke,"Oct 5, 2017"
09,ID,ID,Hudson Mohawke,"Oct 5, 2017"
10,ID,ID,Hudson Mohawke,"Oct 5, 2017"
11,Balam Acab,Sifter,Hudson Mohawke,"Oct 5, 2017"
01,Yellow Claw & Yung Felix ft. Spacekees,Untouchable,Yellow Claw,"Oct 2, 2017"
02, Cesqeaux,Back Up (Monkaholics Hard Flip),Yellow Claw,"Oct 2, 2017"
03, MAKJ & Lil Jon,Let's Get F*cked Up (Acapella),Yellow Claw,"Oct 2, 2017"
04, 4B & Aazar,Pop Dat,Yellow Claw,"Oct 2, 2017"
05, The Partysquad & Boaz Van De Beatz,Oh My,Yellow Claw,"Oct 2, 2017"
06,Yellow Claw & Flux Pavilion ft. Naaz,Catch Me (ETC!ETC! Remix),Yellow Claw,"Oct 2, 2017"
07,Yellow Claw & FS Green ft. Lil' Debbie,All My Bitches,Yellow Claw,"Oct 2, 2017"
08, The Galaxy,Turn Day Turn Night,Yellow Claw,"Oct 2, 2017"
09,Cesqeaux & KAYZO,Home,Yellow Claw,"Oct 2, 2017"
10,Yellow Claw & Juyen Sebulba,Do You Like Bass?,Yellow Claw,"Oct 2, 2017"
11,Yellow Claw & Juyen Sebulba,Do You Like Bass? (Crisis Era Remix),Yellow Claw,"Oct 2, 2017"
01,Sigha,Down,Slam,"Jun 9, 2017"
02,Ben Sims ft. Tyree Cooper,I Feel It Deep (Sandwell District Remix),Slam,"Jun 9, 2017"
03,ROD,Pull,Slam,"Jun 9, 2017"
04,Lewis Fautzi,Default (Oscar Mulero Remix),Slam,"Jun 9, 2017"
05,Stefano Panzera,Kasai (Ricardo Garduno Remix),Slam,"Jun 9, 2017"
06,Amotik,Sau,Slam,"Jun 9, 2017"
07,ID,ID,Slam,"Jun 9, 2017"
08,Filip Xavi,Explanation Skip (Dasha Rush Remix),Slam,"Jun 9, 2017"
09,Cirkle,The Tower,Slam,"Jun 9, 2017"
10,Amotik,Solah,Slam,"Jun 9, 2017"
11,Dax J,Harry The Hatchet,Slam,"Jun 9, 2017"
01,JOYRYDE,Hari Kari,TUJAMO,"May 4, 2017"
02, Don Diablo,AnyTime (Acapella),TUJAMO,"May 4, 2017"
03,Max Vangeli & Flatdisk,Blow This Club,TUJAMO,"May 4, 2017"
04, TUJAMO,Make U Love Me (Acapella),TUJAMO,"May 4, 2017"
05, Justice vs. Simian,We Are Your Friends (Acapella),TUJAMO,"May 4, 2017"
06,Malaa,Diamonds,TUJAMO,"May 4, 2017"
07, Laidback Luke ft. MC Good Grip,Rocking With The Best (Acapella),TUJAMO,"May 4, 2017"
08, ID,ID,TUJAMO,"May 4, 2017"
09,Zonderling,Tunnel Vision (Don Diablo Edit),TUJAMO,"May 4, 2017"
10, Kelis ft. Too $hort,Bossy (Acapella),TUJAMO,"May 4, 2017"
11,Format:B,Chunky,TUJAMO,"May 4, 2017"
01,Floating Points,Love Me Like This,Joe Kay,"Jan 24, 2017"
02,Aaliyah,Rock The Boat (ID Remix),Joe Kay,"Jan 24, 2017"
03,Mr Fingers,Mysteries of Love,Joe Kay,"Jan 24, 2017"
04,Kanye West,Fade,Joe Kay,"Jan 24, 2017"
05,PYRMDPLAZA,Demo 12,Joe Kay,"Jan 24, 2017"
06,Abra,Pull Up,Joe Kay,"Jan 24, 2017"
07,Full Crate,Yeah﻿,Joe Kay,"Jan 24, 2017"
08,Skepta,Numbers (instrumental)﻿,Joe Kay,"Jan 24, 2017"
09,Young Thug, Yung Gud - U Want Me),Joe Kay,"Jan 24, 2017"
10,Octbr,Party Girls,Joe Kay,"Jan 24, 2017"
11,Ty Dolla Sign,Blasé (Instrumental),Joe Kay,"Jan 24, 2017"
01,Dérive,Schicksalhafte Begegnung,La Mverte - Boiler Room Paris 2017,"Jan 17, 2017"
02,C45p,Handmade Birds,La Mverte - Boiler Room Paris 2017,"Jan 17, 2017"
03, Schicksalhafte Begegnung,Derive,La Mverte - Boiler Room Paris 2017,"Jan 17, 2017"
04, Plus Instruments,Love Is Enough (Richard Sen Remix),La Mverte - Boiler Room Paris 2017,"Jan 17, 2017"
05,Moderna,Asesino Psicotico,La Mverte - Boiler Room Paris 2017,"Jan 17, 2017"
06,Hot Track,"Luca Lozano, Mr Ho",La Mverte - Boiler Room Paris 2017,"Jan 17, 2017"
07,Raudive,Romantic Robot,La Mverte - Boiler Room Paris 2017,"Jan 17, 2017"
08,Synths Versus Me,The Tempest of My Heart,La Mverte - Boiler Room Paris 2017,"Jan 17, 2017"
09,Steve Ekman,Racer Riser,La Mverte - Boiler Room Paris 2017,"Jan 17, 2017"
10,Deux,Paris Orly (Dj STEEF Edit),La Mverte - Boiler Room Paris 2017,"Jan 17, 2017"
01,Ladyshave,Fad Gadget (On A High Pitch Speed),Miss Kittin b2b Dubfire,"Oct 1, 2016"
02,Robag Wruhme,Pontifekks,Miss Kittin b2b Dubfire,"Oct 1, 2016"
03,Gesloten Cirkel,Submit-X,Miss Kittin b2b Dubfire,"Oct 1, 2016"
04,Aux88,Voice Modulation (Anthony Rother Remix),Miss Kittin b2b Dubfire,"Oct 1, 2016"
05,Jared Wilson,New Cable Freaks 19303,Miss Kittin b2b Dubfire,"Oct 1, 2016"
06,Jensen Interceptor,Mactavis,Miss Kittin b2b Dubfire,"Oct 1, 2016"
07,Jensen Interceptor,Collect Those Ends (ID Remix),Miss Kittin b2b Dubfire,"Oct 1, 2016"
08,The Egyptian Lover,Ooo Baby Dance,Miss Kittin b2b Dubfire,"Oct 1, 2016"
09,Josh Brent ft. Tempo O' Neil,Then Again,Miss Kittin b2b Dubfire,"Oct 1, 2016"
10,Spectrum,Brazil,Miss Kittin b2b Dubfire,"Oct 1, 2016"
11,ID,ID,Miss Kittin b2b Dubfire,"Oct 1, 2016"
01,JOYRYDE,Hot Drum,Skrillex,"Sep 29, 2016"
02, Wildchild,Renegade Master (Acapella),Skrillex,"Sep 29, 2016"
03,Medasin & X&G ft. Josh Pan,The Zoo,Skrillex,"Sep 29, 2016"
04,Crookers,128BPM,Skrillex,"Sep 29, 2016"
05,The Game ft. Skrillex,El Chapo (Prod. by Bangladesh),Skrillex,"Sep 29, 2016"
06, The Game ft. Skrillex,El Chapo (Prod. by Bangladesh) (Sikdope Remix),Skrillex,"Sep 29, 2016"
07, Eptic,The End (Carnage & Breaux Festival Trap Remix / Crankdat VIP),Skrillex,"Sep 29, 2016"
08, Wiwek ft. Big Freedia,Cavalry (Acapella),Skrillex,"Sep 29, 2016"
09,Kill FM vs. Lil Wayne,Steady Mobbin (Deville's Bass House Bootleg),Skrillex,"Sep 29, 2016"
10,Getter & Ghastly,666!,Skrillex,"Sep 29, 2016"
11,Jack Ü ft. Kai,Mind (Malaa Remix),Skrillex,"Sep 29, 2016"
01,International Pony,Solid Gold (Solomun Intro),Solomun,"Jan 14, 2015"
02,Liu Bei,Atlas World (Solomun Day Mix),Solomun,"Jan 14, 2015"
03,Night Talk,Gamma,Solomun,"Jan 14, 2015"
04,Fur Coat,Monday,Solomun,"Jan 14, 2015"
05,FreakMe & Stan Ritch,Metronome,Solomun,"Jan 14, 2015"
06,Kollektiv Turmstrasse,"Sorry, I'm Late",Solomun,"Jan 14, 2015"
07,SBTRKT ft. Ezra Koenig,New Dorp. New York (Solomun Edit),Solomun,"Jan 14, 2015"
08,Thomas Bangalter,Club Soda,Solomun,"Jan 14, 2015"
09,Khan ft. Julee Cruise,Say Goodbye (LoSoul She's Homeless Mix),Solomun,"Jan 14, 2015"
10,Alix Alvarez,Fayall,Solomun,"Jan 14, 2015"
11,Veerus & Maxie Devine,My Train,Solomun,"Jan 14, 2015"
01,Thomas Kufner,Maginus,Maceo Plex,"Oct 13, 2014"
02,Maceo Plex & Gabriel Ananda,Solitary Daze,Maceo Plex,"Oct 13, 2014"
03,Gardens Of God,Fiddler,Maceo Plex,"Oct 13, 2014"
04,Shall Ocin,Orbis,Maceo Plex,"Oct 13, 2014"
05,Confute,On The Hour,Maceo Plex,"Oct 13, 2014"
06,Dense & Pika,Klank,Maceo Plex,"Oct 13, 2014"
07,Obscure Live,Decline (VSK Remix),Maceo Plex,"Oct 13, 2014"
08,Nicolas Bougaïeff,Pulse Train,Maceo Plex,"Oct 13, 2014"
09,ID,ID,Maceo Plex,"Oct 13, 2014"
10,The Smiths,How Soon Is Now? (Maceo Plex Remix),Maceo Plex,"Oct 13, 2014"
11,Der Dritte Raum,Hale Bopp (Maceo Plex Edit),Maceo Plex,"Oct 13, 2014"
01,Chet Faker,I'm Into You,Chet Faker,"Mar 13, 2014"
02,Chet Faker,Blush,Chet Faker,"Mar 13, 2014"
03,Chet Faker,Rev,Chet Faker,"Mar 13, 2014"
04,Chet Faker,1998,Chet Faker,"Mar 13, 2014"
05,Chet Faker,Cigarettes & Chocolate,Chet Faker,"Mar 13, 2014"
06,Chet Faker,Archangel (Burial Cover),Chet Faker,"Mar 13, 2014"
07,Chet Faker,I Want Someone Badly (Jeff Buckley Cover),Chet Faker,"Mar 13, 2014"
08,Chet Faker,No Diggity (Blackstreet Cover)﻿,Chet Faker,"Mar 13, 2014"
01,Stimming,Feeding Seagulls,Art Department,"Jan 30, 2014"
02,Oskar offermann,The fog burns off,Art Department,"Jan 30, 2014"
03,Michael Mayer,Roses,Art Department,"Jan 30, 2014"
04,Burial & Four Tet ft. Thom Yorke,Ego,Art Department,"Jan 30, 2014"
05,Dance Spirit,I Got You,Art Department,"Jan 30, 2014"
06,Wallflower,Say You Won't Ever (Larry Heard Club Mix),Art Department,"Jan 30, 2014"
07,H,Foundation ft. C1 - Kontrol Room,Art Department,"Jan 30, 2014"
08,Baeks,Lost Summer,Art Department,"Jan 30, 2014"
09,Atmosfear,Dancing in outer space (the revenge rework),Art Department,"Jan 30, 2014"
10,Fonos,Black & White,Art Department,"Jan 30, 2014"
11,ID,ID,Art Department,"Jan 30, 2014"
01,KAYTRANADA,Roots (Silent Treatment Intro),Kaytranada,"Dec 18, 2013"
02,Robert Glasper,Move Love (KAYTRANADA Edition),Kaytranada,"Dec 18, 2013"
03,Marcus Miller,Be My Love,Kaytranada,"Dec 18, 2013"
04,Flume,Holdin On (KAYTRANADA Remix),Kaytranada,"Dec 18, 2013"
05,SebastiAn,Arabest,Kaytranada,"Dec 18, 2013"
06,Full Crate ft. Papa Ghan,L'afrique,Kaytranada,"Dec 18, 2013"
07,KAYTRANADA,At All,Kaytranada,"Dec 18, 2013"
08,De La Soul,"Me, Myself & I",Kaytranada,"Dec 18, 2013"
09,The Roots,Silent Treatment (KAYTRANADA Intro),Kaytranada,"Dec 18, 2013"
10,Teedra Moses,Be Your Girl (KAYTRANADA Edition),Kaytranada,"Dec 18, 2013"
11,Common,I Want You (KAYTRANADA Edition),Kaytranada,"Dec 18, 2013"
01,X,Press 2 ft. James Yuill - Muzik Xpress,Carl Cox,"Aug 15, 2013"
02,Chez Damier,Can You Feel It (Steve Bug Re-Dub),Carl Cox,"Aug 15, 2013"
03,Sergio Fernandez,Carioca,Carl Cox,"Aug 15, 2013"
04,Elio Riso,Pain In The Ass,Carl Cox,"Aug 15, 2013"
05,Round Table Knights & Bauchamp,Calypso,Carl Cox,"Aug 15, 2013"
06,Joe Brunning,Positive Vibes,Carl Cox,"Aug 15, 2013"
07,The Rivera Project,Puerto Rico Vibe (Robbie Rivera Original Mix),Carl Cox,"Aug 15, 2013"
08,Jim Rivers,We Can Do This All Night,Carl Cox,"Aug 15, 2013"
09,Trevor Rockcliffe,Jumping (Deep House Mix),Carl Cox,"Aug 15, 2013"
10,Stefano Frisoni,El Nino Loco (Turkana Remix),Carl Cox,"Aug 15, 2013"
11,New Order,Blue Monday (Original 12'' Mix),Carl Cox,"Aug 15, 2013"
01,Goapele,Milk & Honey (Joy Orbison Refix),James Blake,"Sep 21, 2010"
02,Mickey Pearce,Whats Mickey Talking About,James Blake,"Sep 21, 2010"
03,Pearson Sound,WAD,James Blake,"Sep 21, 2010"
04,Untold,Kingdom,James Blake,"Sep 21, 2010"
05,R. Kelly,Ignition (Remix),James Blake,"Sep 21, 2010"
06,Mark Pritchard ft. Om'mas Keith,Wind It Up,James Blake,"Sep 21, 2010"
07,Peverelist,Roll With The Punches (Harmonimix),James Blake,"Sep 21, 2010"
08,Untold,Come Follow Me,James Blake,"Sep 21, 2010"
09,Drake,Tim Westwood Freestyle (Harmonimix),James Blake,"Sep 21, 2010"
10,Blawan,Iddy,James Blake,"Sep 21, 2010"
11,Joy Orbison,J. Doe,James Blake,"Sep 21, 2010"
